artist_id,artist_name,album_id,album_name,genres,followers,popularity,link_image,url,album_type,total_tracks,release_date,release_date_precision,track_id,name,preview,danceability,energy,key,loudness,mode,speechiness,acousticness,instrumentalness,liveness,valence,tempo,time_signature
00AFbqxvdDK6T1D6MQZ9c1,GLAY,2PiRfajA0FT9p3vv98RVnN,"UNITY ROOTS & FAMILY, AWAY",classic j-pop,590825,56,https://i.scdn.co/image/ab6761610000e5ebc200887e058b56ca63e60ead,https://open.spotify.com/artist/00AFbqxvdDK6T1D6MQZ9c1,album,13,2002-09-19,day,13DyQGa75sVyDaWMW1H9x0,夏の彼方へ(Johny the unity mix),https://p.scdn.co/mp3-preview/d3c06f01eef08401feab006fc5b6edd517f8a862?cid=d636b62692f94f7ab8495b4d490e26cc,0.515,0.357,2,-12.185,1,0.0289,0.573,4.14E-5,0.26,0.34,124.991,3
00AFbqxvdDK6T1D6MQZ9c1,GLAY,2PiRfajA0FT9p3vv98RVnN,"UNITY ROOTS & FAMILY, AWAY",j-pop,590825,56,https://i.scdn.co/image/ab6761610000e5ebc200887e058b56ca63e60ead,https://open.spotify.com/artist/00AFbqxvdDK6T1D6MQZ9c1,album,13,2002-09-19,day,13DyQGa75sVyDaWMW1H9x0,夏の彼方へ(Johny the unity mix),https://p.scdn.co/mp3-preview/d3c06f01eef08401feab006fc5b6edd517f8a862?cid=d636b62692f94f7ab8495b4d490e26cc,0.515,0.357,2,-12.185,1,0.0289,0.573,4.14E-5,0.26,0.34,124.991,3
00AFbqxvdDK6T1D6MQZ9c1,GLAY,5367NOCCC6R10c5ygWw4cy,DRIVE -GLAY complete BEST-,classic j-pop,590825,56,https://i.scdn.co/image/ab6761610000e5ebc200887e058b56ca63e60ead,https://open.spotify.com/artist/00AFbqxvdDK6T1D6MQZ9c1,album,24,2000-11-29,day,17uFmJfXKh6FtniIar38sA,pure soul,https://p.scdn.co/mp3-preview/a018f2558654c5c7bc15e9af22bc9a141e8f78fe?cid=d636b62692f94f7ab8495b4d490e26cc,0.476,0.787,2,-6.235,1,0.029,0.00901,0.0,0.138,0.58,134.073,4
00AFbqxvdDK6T1D6MQZ9c1,GLAY,5367NOCCC6R10c5ygWw4cy,DRIVE -GLAY complete BEST-,j-pop,590825,56,https://i.scdn.co/image/ab6761610000e5ebc200887e058b56ca63e60ead,https://open.spotify.com/artist/00AFbqxvdDK6T1D6MQZ9c1,album,24,2000-11-29,day,17uFmJfXKh6FtniIar38sA,pure soul,https://p.scdn.co/mp3-preview/a018f2558654c5c7bc15e9af22bc9a141e8f78fe?cid=d636b62692f94f7ab8495b4d490e26cc,0.476,0.787,2,-6.235,1,0.029,0.00901,0.0,0.138,0.58,134.073,4
00FQb4jTyendYWaN8pK0wa,Lana Del Rey,5VoeRuTrGhTbKelUfwymwu,Born To Die - The Paradise Edition,art pop,40266213,92,https://i.scdn.co/image/ab6761610000e5ebb99cacf8acd5378206767261,https://open.spotify.com/artist/00FQb4jTyendYWaN8pK0wa,album,23,2012-01-01,day,1Lw2xRuW5fcieRPfoskgog,This Is What Makes Us Girls,,0.534,0.842,2,-7.031,0,0.0925,0.0904,0.0388,0.203,0.441,138.004,4
00FQb4jTyendYWaN8pK0wa,Lana Del Rey,5VoeRuTrGhTbKelUfwymwu,Born To Die - The Paradise Edition,pop,40266213,92,https://i.scdn.co/image/ab6761610000e5ebb99cacf8acd5378206767261,https://open.spotify.com/artist/00FQb4jTyendYWaN8pK0wa,album,23,2012-01-01,day,1Lw2xRuW5fcieRPfoskgog,This Is What Makes Us Girls,,0.534,0.842,2,-7.031,0,0.0925,0.0904,0.0388,0.203,0.441,138.004,4
00FQb4jTyendYWaN8pK0wa,Lana Del Rey,4vXt6IpMcSnqonljffWlMI,Born To Die,art pop,40266213,92,https://i.scdn.co/image/ab6761610000e5ebb99cacf8acd5378206767261,https://open.spotify.com/artist/00FQb4jTyendYWaN8pK0wa,album,12,2012-01-30,day,1NsczXihNwzVMRLxTehCmM,Blue Jeans - Remastered 2011,,0.55,0.829,3,-4.399,1,0.0629,0.437,0.0,0.0801,0.493,117.956,4
00FQb4jTyendYWaN8pK0wa,Lana Del Rey,4vXt6IpMcSnqonljffWlMI,Born To Die,pop,40266213,92,https://i.scdn.co/image/ab6761610000e5ebb99cacf8acd5378206767261,https://open.spotify.com/artist/00FQb4jTyendYWaN8pK0wa,album,12,2012-01-30,day,1NsczXihNwzVMRLxTehCmM,Blue Jeans - Remastered 2011,,0.55,0.829,3,-4.399,1,0.0629,0.437,0.0,0.0801,0.493,117.956,4
00AFbqxvdDK6T1D6MQZ9c1,GLAY,5367NOCCC6R10c5ygWw4cy,DRIVE -GLAY complete BEST-,classic j-pop,590825,56,https://i.scdn.co/image/ab6761610000e5ebc200887e058b56ca63e60ead,https://open.spotify.com/artist/00AFbqxvdDK6T1D6MQZ9c1,album,24,2000-11-29,day,1qiDOmtCUtjrbtUSXxqTA2,a Boy ~ずっと忘れない~,https://p.scdn.co/mp3-preview/56298f1b674a45d1b4b642db2d74952ca34a655e?cid=d636b62692f94f7ab8495b4d490e26cc,0.539,0.823,7,-7.147,1,0.0351,0.0603,0.0,0.302,0.504,123.275,4
00AFbqxvdDK6T1D6MQZ9c1,GLAY,5367NOCCC6R10c5ygWw4cy,DRIVE -GLAY complete BEST-,j-pop,590825,56,https://i.scdn.co/image/ab6761610000e5ebc200887e058b56ca63e60ead,https://open.spotify.com/artist/00AFbqxvdDK6T1D6MQZ9c1,album,24,2000-11-29,day,1qiDOmtCUtjrbtUSXxqTA2,a Boy ~ずっと忘れない~,https://p.scdn.co/mp3-preview/56298f1b674a45d1b4b642db2d74952ca34a655e?cid=d636b62692f94f7ab8495b4d490e26cc,0.539,0.823,7,-7.147,1,0.0351,0.0603,0.0,0.302,0.504,123.275,4
00FQb4jTyendYWaN8pK0wa,Lana Del Rey,4vXt6IpMcSnqonljffWlMI,Born To Die,art pop,40266213,92,https://i.scdn.co/image/ab6761610000e5ebb99cacf8acd5378206767261,https://open.spotify.com/artist/00FQb4jTyendYWaN8pK0wa,album,12,2012-01-30,day,21xo9jhNSsYyNk8TRKBkY0,Diet Mountain Dew,,0.459,0.684,10,-5.971,0,0.0881,0.285,0.0,0.425,0.605,175.728,4
00FQb4jTyendYWaN8pK0wa,Lana Del Rey,4vXt6IpMcSnqonljffWlMI,Born To Die,pop,40266213,92,https://i.scdn.co/image/ab6761610000e5ebb99cacf8acd5378206767261,https://open.spotify.com/artist/00FQb4jTyendYWaN8pK0wa,album,12,2012-01-30,day,21xo9jhNSsYyNk8TRKBkY0,Diet Mountain Dew,,0.459,0.684,10,-5.971,0,0.0881,0.285,0.0,0.425,0.605,175.728,4
00FQb4jTyendYWaN8pK0wa,Lana Del Rey,5VoeRuTrGhTbKelUfwymwu,Born To Die - The Paradise Edition,art pop,40266213,92,https://i.scdn.co/image/ab6761610000e5ebb99cacf8acd5378206767261,https://open.spotify.com/artist/00FQb4jTyendYWaN8pK0wa,album,23,2012-01-01,day,24h1notzzKOcLZSdRYa7yn,Lucky Ones,,0.375,0.416,0,-7.149,1,0.0283,0.778,2.48E-6,0.23,0.271,134.923,4
00FQb4jTyendYWaN8pK0wa,Lana Del Rey,5VoeRuTrGhTbKelUfwymwu,Born To Die - The Paradise Edition,pop,40266213,92,https://i.scdn.co/image/ab6761610000e5ebb99cacf8acd5378206767261,https://open.spotify.com/artist/00FQb4jTyendYWaN8pK0wa,album,23,2012-01-01,day,24h1notzzKOcLZSdRYa7yn,Lucky Ones,,0.375,0.416,0,-7.149,1,0.0283,0.778,2.48E-6,0.23,0.271,134.923,4
00AFbqxvdDK6T1D6MQZ9c1,GLAY,5367NOCCC6R10c5ygWw4cy,DRIVE -GLAY complete BEST-,classic j-pop,590825,56,https://i.scdn.co/image/ab6761610000e5ebc200887e058b56ca63e60ead,https://open.spotify.com/artist/00AFbqxvdDK6T1D6MQZ9c1,album,24,2000-11-29,day,24w44HzxNvvReAqQfvDoOt,とまどい(Jet the Phantom),https://p.scdn.co/mp3-preview/924bf8bd32706754b90207a0b566f2ec668c9611?cid=d636b62692f94f7ab8495b4d490e26cc,0.361,0.73,0,-6.283,1,0.0352,0.034,0.0,0.0805,0.356,112.492,4
00AFbqxvdDK6T1D6MQZ9c1,GLAY,5367NOCCC6R10c5ygWw4cy,DRIVE -GLAY complete BEST-,j-pop,590825,56,https://i.scdn.co/image/ab6761610000e5ebc200887e058b56ca63e60ead,https://open.spotify.com/artist/00AFbqxvdDK6T1D6MQZ9c1,album,24,2000-11-29,day,24w44HzxNvvReAqQfvDoOt,とまどい(Jet the Phantom),https://p.scdn.co/mp3-preview/924bf8bd32706754b90207a0b566f2ec668c9611?cid=d636b62692f94f7ab8495b4d490e26cc,0.361,0.73,0,-6.283,1,0.0352,0.034,0.0,0.0805,0.356,112.492,4
00AFbqxvdDK6T1D6MQZ9c1,GLAY,0OqIpK1QAv6XBvqME8XKAX,THE FRUSTRATED,classic j-pop,590825,56,https://i.scdn.co/image/ab6761610000e5ebc200887e058b56ca63e60ead,https://open.spotify.com/artist/00AFbqxvdDK6T1D6MQZ9c1,album,14,2004-03-24,day,2TpXyoAcMYJgm5J2NmzXD7,"coyote, colored darkness",https://p.scdn.co/mp3-preview/6924402ccfcc195750eda6a54b326dfd9ddd1e04?cid=d636b62692f94f7ab8495b4d490e26cc,0.348,0.892,9,-5.245,1,0.0666,1.43E-4,0.0,0.135,0.383,179.939,4
00AFbqxvdDK6T1D6MQZ9c1,GLAY,0OqIpK1QAv6XBvqME8XKAX,THE FRUSTRATED,j-pop,590825,56,https://i.scdn.co/image/ab6761610000e5ebc200887e058b56ca63e60ead,https://open.spotify.com/artist/00AFbqxvdDK6T1D6MQZ9c1,album,14,2004-03-24,day,2TpXyoAcMYJgm5J2NmzXD7,"coyote, colored darkness",https://p.scdn.co/mp3-preview/6924402ccfcc195750eda6a54b326dfd9ddd1e04?cid=d636b62692f94f7ab8495b4d490e26cc,0.348,0.892,9,-5.245,1,0.0666,1.43E-4,0.0,0.135,0.383,179.939,4
00AFbqxvdDK6T1D6MQZ9c1,GLAY,0OqIpK1QAv6XBvqME8XKAX,THE FRUSTRATED,classic j-pop,590825,56,https://i.scdn.co/image/ab6761610000e5ebc200887e058b56ca63e60ead,https://open.spotify.com/artist/00AFbqxvdDK6T1D6MQZ9c1,album,14,2004-03-24,day,2Vume6RGgugx0Lj9QK2mPH,Billionaire Champagne Miles Away,https://p.scdn.co/mp3-preview/16f3fbbc8b32c314750c683c4cf54f24bd174231?cid=d636b62692f94f7ab8495b4d490e26cc,0.32,0.941,2,-4.568,1,0.0555,0.0188,0.0,0.343,0.541,172.822,4
00AFbqxvdDK6T1D6MQZ9c1,GLAY,0OqIpK1QAv6XBvqME8XKAX,THE FRUSTRATED,j-pop,590825,56,https://i.scdn.co/image/ab6761610000e5ebc200887e058b56ca63e60ead,https://open.spotify.com/artist/00AFbqxvdDK6T1D6MQZ9c1,album,14,2004-03-24,day,2Vume6RGgugx0Lj9QK2mPH,Billionaire Champagne Miles Away,https://p.scdn.co/mp3-preview/16f3fbbc8b32c314750c683c4cf54f24bd174231?cid=d636b62692f94f7ab8495b4d490e26cc,0.32,0.941,2,-4.568,1,0.0555,0.0188,0.0,0.343,0.541,172.822,4
00FQb4jTyendYWaN8pK0wa,Lana Del Rey,3Sn5DDHo0l6lxSYVo8CqdK,Paradise,art pop,40266213,92,https://i.scdn.co/image/ab6761610000e5ebb99cacf8acd5378206767261,https://open.spotify.com/artist/00FQb4jTyendYWaN8pK0wa,album,8,2012-11-09,day,2Yk8tgWVPzpEm0seo3xle6,Gods & Monsters,,0.352,0.725,8,-6.463,0,0.0656,0.00193,2.73E-6,0.22,0.339,189.767,4
00FQb4jTyendYWaN8pK0wa,Lana Del Rey,3Sn5DDHo0l6lxSYVo8CqdK,Paradise,pop,40266213,92,https://i.scdn.co/image/ab6761610000e5ebb99cacf8acd5378206767261,https://open.spotify.com/artist/00FQb4jTyendYWaN8pK0wa,album,8,2012-11-09,day,2Yk8tgWVPzpEm0seo3xle6,Gods & Monsters,,0.352,0.725,8,-6.463,0,0.0656,0.00193,2.73E-6,0.22,0.339,189.767,4
00FQb4jTyendYWaN8pK0wa,Lana Del Rey,0Dt3FbpMQwjoT5KNAw0IXR,Born To Die – Paradise Edition (Special Version),art pop,40266213,92,https://i.scdn.co/image/ab6761610000e5ebb99cacf8acd5378206767261,https://open.spotify.com/artist/00FQb4jTyendYWaN8pK0wa,album,24,2012-01-01,day,34l2nKu9kSj0BZahVIAT3L,Yayo,,0.506,0.201,3,-12.931,0,0.0294,0.926,4.11E-4,0.253,0.145,71.925,4
00FQb4jTyendYWaN8pK0wa,Lana Del Rey,0Dt3FbpMQwjoT5KNAw0IXR,Born To Die – Paradise Edition (Special Version),pop,40266213,92,https://i.scdn.co/image/ab6761610000e5ebb99cacf8acd5378206767261,https://open.spotify.com/artist/00FQb4jTyendYWaN8pK0wa,album,24,2012-01-01,day,34l2nKu9kSj0BZahVIAT3L,Yayo,,0.506,0.201,3,-12.931,0,0.0294,0.926,4.11E-4,0.253,0.145,71.925,4
00FQb4jTyendYWaN8pK0wa,Lana Del Rey,3Sn5DDHo0l6lxSYVo8CqdK,Paradise,art pop,40266213,92,https://i.scdn.co/image/ab6761610000e5ebb99cacf8acd5378206767261,https://open.spotify.com/artist/00FQb4jTyendYWaN8pK0wa,album,8,2012-11-09,day,3B5zfx7WDlIzoLephvyrfc,American,,0.397,0.585,7,-6.518,1,0.0359,0.535,4.38E-4,0.0976,0.18,143.983,4
00FQb4jTyendYWaN8pK0wa,Lana Del Rey,3Sn5DDHo0l6lxSYVo8CqdK,Paradise,pop,40266213,92,https://i.scdn.co/image/ab6761610000e5ebb99cacf8acd5378206767261,https://open.spotify.com/artist/00FQb4jTyendYWaN8pK0wa,album,8,2012-11-09,day,3B5zfx7WDlIzoLephvyrfc,American,,0.397,0.585,7,-6.518,1,0.0359,0.535,4.38E-4,0.0976,0.18,143.983,4
00AFbqxvdDK6T1D6MQZ9c1,GLAY,0OqIpK1QAv6XBvqME8XKAX,THE FRUSTRATED,classic j-pop,590825,56,https://i.scdn.co/image/ab6761610000e5ebc200887e058b56ca63e60ead,https://open.spotify.com/artist/00AFbqxvdDK6T1D6MQZ9c1,album,14,2004-03-24,day,3E8hh1hO004U5ax4DWmmFX,Runaway Runaway,https://p.scdn.co/mp3-preview/a9e23d39df5bbb0657207b4f2dd98a816aa71cdf?cid=d636b62692f94f7ab8495b4d490e26cc,0.329,0.878,4,-5.128,1,0.0554,0.0232,0.0,0.256,0.552,179.88,4
00AFbqxvdDK6T1D6MQZ9c1,GLAY,0OqIpK1QAv6XBvqME8XKAX,THE FRUSTRATED,j-pop,590825,56,https://i.scdn.co/image/ab6761610000e5ebc200887e058b56ca63e60ead,https://open.spotify.com/artist/00AFbqxvdDK6T1D6MQZ9c1,album,14,2004-03-24,day,3E8hh1hO004U5ax4DWmmFX,Runaway Runaway,https://p.scdn.co/mp3-preview/a9e23d39df5bbb0657207b4f2dd98a816aa71cdf?cid=d636b62692f94f7ab8495b4d490e26cc,0.329,0.878,4,-5.128,1,0.0554,0.0232,0.0,0.256,0.552,179.88,4
00AFbqxvdDK6T1D6MQZ9c1,GLAY,5367NOCCC6R10c5ygWw4cy,DRIVE -GLAY complete BEST-,classic j-pop,590825,56,https://i.scdn.co/image/ab6761610000e5ebc200887e058b56ca63e60ead,https://open.spotify.com/artist/00AFbqxvdDK6T1D6MQZ9c1,album,24,2000-11-29,day,3GNZglM4vgu6Vjji6tp8Wt,生きがい,https://p.scdn.co/mp3-preview/0e10fda1e503277d53454a7e5ef0afba381daa1f?cid=d636b62692f94f7ab8495b4d490e26cc,0.264,0.868,0,-5.217,1,0.0458,0.00361,6.97E-6,0.339,0.549,144.326,4
00AFbqxvdDK6T1D6MQZ9c1,GLAY,5367NOCCC6R10c5ygWw4cy,DRIVE -GLAY complete BEST-,j-pop,590825,56,https://i.scdn.co/image/ab6761610000e5ebc200887e058b56ca63e60ead,https://open.spotify.com/artist/00AFbqxvdDK6T1D6MQZ9c1,album,24,2000-11-29,day,3GNZglM4vgu6Vjji6tp8Wt,生きがい,https://p.scdn.co/mp3-preview/0e10fda1e503277d53454a7e5ef0afba381daa1f?cid=d636b62692f94f7ab8495b4d490e26cc,0.264,0.868,0,-5.217,1,0.0458,0.00361,6.97E-6,0.339,0.549,144.326,4
00AFbqxvdDK6T1D6MQZ9c1,GLAY,2PiRfajA0FT9p3vv98RVnN,"UNITY ROOTS & FAMILY, AWAY",classic j-pop,590825,56,https://i.scdn.co/image/ab6761610000e5ebc200887e058b56ca63e60ead,https://open.spotify.com/artist/00AFbqxvdDK6T1D6MQZ9c1,album,13,2002-09-19,day,3TKqLfESy2RXuAfM6FJKNu,航海,https://p.scdn.co/mp3-preview/e60873c9c2bea5eff83d69ec5c9729c2d7a928a8?cid=d636b62692f94f7ab8495b4d490e26cc,0.508,0.831,2,-5.981,1,0.048,3.24E-4,0.0024,0.361,0.548,133.029,4
00AFbqxvdDK6T1D6MQZ9c1,GLAY,2PiRfajA0FT9p3vv98RVnN,"UNITY ROOTS & FAMILY, AWAY",j-pop,590825,56,https://i.scdn.co/image/ab6761610000e5ebc200887e058b56ca63e60ead,https://open.spotify.com/artist/00AFbqxvdDK6T1D6MQZ9c1,album,13,2002-09-19,day,3TKqLfESy2RXuAfM6FJKNu,航海,https://p.scdn.co/mp3-preview/e60873c9c2bea5eff83d69ec5c9729c2d7a928a8?cid=d636b62692f94f7ab8495b4d490e26cc,0.508,0.831,2,-5.981,1,0.048,3.24E-4,0.0024,0.361,0.548,133.029,4
00AFbqxvdDK6T1D6MQZ9c1,GLAY,5367NOCCC6R10c5ygWw4cy,DRIVE -GLAY complete BEST-,classic j-pop,590825,56,https://i.scdn.co/image/ab6761610000e5ebc200887e058b56ca63e60ead,https://open.spotify.com/artist/00AFbqxvdDK6T1D6MQZ9c1,album,24,2000-11-29,day,3rlhkScEO7IFizZtMCdBfc,HAPPY SWING,https://p.scdn.co/mp3-preview/86db4315f159b05fdb9128964773589facb01f4d?cid=d636b62692f94f7ab8495b4d490e26cc,0.449,0.943,0,-6.002,1,0.0856,0.0657,0.0,0.124,0.663,150.099,4
00AFbqxvdDK6T1D6MQZ9c1,GLAY,5367NOCCC6R10c5ygWw4cy,DRIVE -GLAY complete BEST-,j-pop,590825,56,https://i.scdn.co/image/ab6761610000e5ebc200887e058b56ca63e60ead,https://open.spotify.com/artist/00AFbqxvdDK6T1D6MQZ9c1,album,24,2000-11-29,day,3rlhkScEO7IFizZtMCdBfc,HAPPY SWING,https://p.scdn.co/mp3-preview/86db4315f159b05fdb9128964773589facb01f4d?cid=d636b62692f94f7ab8495b4d490e26cc,0.449,0.943,0,-6.002,1,0.0856,0.0657,0.0,0.124,0.663,150.099,4
00FQb4jTyendYWaN8pK0wa,Lana Del Rey,5VoeRuTrGhTbKelUfwymwu,Born To Die - The Paradise Edition,art pop,40266213,92,https://i.scdn.co/image/ab6761610000e5ebb99cacf8acd5378206767261,https://open.spotify.com/artist/00FQb4jTyendYWaN8pK0wa,album,23,2012-01-01,day,3taCbWWTilb7eNMsAzOBq4,Radio,,0.423,0.857,2,-5.173,1,0.0687,0.188,2.63E-5,0.105,0.196,75.024,4
00FQb4jTyendYWaN8pK0wa,Lana Del Rey,5VoeRuTrGhTbKelUfwymwu,Born To Die - The Paradise Edition,pop,40266213,92,https://i.scdn.co/image/ab6761610000e5ebb99cacf8acd5378206767261,https://open.spotify.com/artist/00FQb4jTyendYWaN8pK0wa,album,23,2012-01-01,day,3taCbWWTilb7eNMsAzOBq4,Radio,,0.423,0.857,2,-5.173,1,0.0687,0.188,2.63E-5,0.105,0.196,75.024,4
00FQb4jTyendYWaN8pK0wa,Lana Del Rey,5VoeRuTrGhTbKelUfwymwu,Born To Die - The Paradise Edition,art pop,40266213,92,https://i.scdn.co/image/ab6761610000e5ebb99cacf8acd5378206767261,https://open.spotify.com/artist/00FQb4jTyendYWaN8pK0wa,album,23,2012-01-01,day,4Ouhoi2lAhrLJKFzUqEzwl,Born To Die,,0.428,0.626,4,-6.639,0,0.0339,0.222,8.22E-5,0.277,0.379,86.02,4
00FQb4jTyendYWaN8pK0wa,Lana Del Rey,5VoeRuTrGhTbKelUfwymwu,Born To Die - The Paradise Edition,pop,40266213,92,https://i.scdn.co/image/ab6761610000e5ebb99cacf8acd5378206767261,https://open.spotify.com/artist/00FQb4jTyendYWaN8pK0wa,album,23,2012-01-01,day,4Ouhoi2lAhrLJKFzUqEzwl,Born To Die,,0.428,0.626,4,-6.639,0,0.0339,0.222,8.22E-5,0.277,0.379,86.02,4
00AFbqxvdDK6T1D6MQZ9c1,GLAY,2PiRfajA0FT9p3vv98RVnN,"UNITY ROOTS & FAMILY, AWAY",classic j-pop,590825,56,https://i.scdn.co/image/ab6761610000e5ebc200887e058b56ca63e60ead,https://open.spotify.com/artist/00AFbqxvdDK6T1D6MQZ9c1,album,13,2002-09-19,day,4TxfrEvk6dlRU8QNMApWHo,WE ALL FEEL HIS STRENGTH OF TENDER,https://p.scdn.co/mp3-preview/f5fc28b22c536c4ef126fbf383fc1b1ea61e9e41?cid=d636b62692f94f7ab8495b4d490e26cc,0.214,0.576,9,-6.524,1,0.0384,0.0128,0.00189,0.15,0.109,119.671,3
00AFbqxvdDK6T1D6MQZ9c1,GLAY,2PiRfajA0FT9p3vv98RVnN,"UNITY ROOTS & FAMILY, AWAY",j-pop,590825,56,https://i.scdn.co/image/ab6761610000e5ebc200887e058b56ca63e60ead,https://open.spotify.com/artist/00AFbqxvdDK6T1D6MQZ9c1,album,13,2002-09-19,day,4TxfrEvk6dlRU8QNMApWHo,WE ALL FEEL HIS STRENGTH OF TENDER,https://p.scdn.co/mp3-preview/f5fc28b22c536c4ef126fbf383fc1b1ea61e9e41?cid=d636b62692f94f7ab8495b4d490e26cc,0.214,0.576,9,-6.524,1,0.0384,0.0128,0.00189,0.15,0.109,119.671,3
001Ju8fxqMbobN0xjX7XPL,Samar Singh,0sjG6SHay0NU2ljfWJRuoD,Ratiya Kaha Bitawala,bhojpuri pop,558163,62,https://i.scdn.co/image/ab6761610000e5ebd329602f4f3465217b054140,https://open.spotify.com/artist/001Ju8fxqMbobN0xjX7XPL,album,8,2015-03-26,day,4iM7OVp8Di7g5PIyqK0g7o,Ratiya Kaha Bitawala Na,https://p.scdn.co/mp3-preview/3b6a58ad228efb2f70f4152c1bb86611b0ed2ff3?cid=05e2ff0a21954615b11878a9eb038e7f,0.735,0.965,0,-3.949,0,0.116,0.215,0.0,0.347,0.891,143.999,4
00FQb4jTyendYWaN8pK0wa,Lana Del Rey,0Dt3FbpMQwjoT5KNAw0IXR,Born To Die – Paradise Edition (Special Version),art pop,40266213,92,https://i.scdn.co/image/ab6761610000e5ebb99cacf8acd5378206767261,https://open.spotify.com/artist/00FQb4jTyendYWaN8pK0wa,album,24,2012-01-01,day,4r3v5fSWyEoZR7HQVUcYYb,Without You,,0.586,0.575,3,-8.404,0,0.0372,0.693,2.2E-4,0.126,0.595,111.948,4
00FQb4jTyendYWaN8pK0wa,Lana Del Rey,0Dt3FbpMQwjoT5KNAw0IXR,Born To Die – Paradise Edition (Special Version),pop,40266213,92,https://i.scdn.co/image/ab6761610000e5ebb99cacf8acd5378206767261,https://open.spotify.com/artist/00FQb4jTyendYWaN8pK0wa,album,24,2012-01-01,day,4r3v5fSWyEoZR7HQVUcYYb,Without You,,0.586,0.575,3,-8.404,0,0.0372,0.693,2.2E-4,0.126,0.595,111.948,4
00AFbqxvdDK6T1D6MQZ9c1,GLAY,5367NOCCC6R10c5ygWw4cy,DRIVE -GLAY complete BEST-,classic j-pop,590825,56,https://i.scdn.co/image/ab6761610000e5ebc200887e058b56ca63e60ead,https://open.spotify.com/artist/00AFbqxvdDK6T1D6MQZ9c1,album,24,2000-11-29,day,5ZzHFL0XgCrp2hCIiP128B,ずっと2人で…,https://p.scdn.co/mp3-preview/d154826a55bf05a7cc818eb0d995b17583516271?cid=d636b62692f94f7ab8495b4d490e26cc,0.374,0.548,11,-9.311,1,0.0271,0.0813,1.09E-6,0.194,0.32,79.697,4
00AFbqxvdDK6T1D6MQZ9c1,GLAY,5367NOCCC6R10c5ygWw4cy,DRIVE -GLAY complete BEST-,j-pop,590825,56,https://i.scdn.co/image/ab6761610000e5ebc200887e058b56ca63e60ead,https://open.spotify.com/artist/00AFbqxvdDK6T1D6MQZ9c1,album,24,2000-11-29,day,5ZzHFL0XgCrp2hCIiP128B,ずっと2人で…,https://p.scdn.co/mp3-preview/d154826a55bf05a7cc818eb0d995b17583516271?cid=d636b62692f94f7ab8495b4d490e26cc,0.374,0.548,11,-9.311,1,0.0271,0.0813,1.09E-6,0.194,0.32,79.697,4
00FQb4jTyendYWaN8pK0wa,Lana Del Rey,0Dt3FbpMQwjoT5KNAw0IXR,Born To Die – Paradise Edition (Special Version),art pop,40266213,92,https://i.scdn.co/image/ab6761610000e5ebb99cacf8acd5378206767261,https://open.spotify.com/artist/00FQb4jTyendYWaN8pK0wa,album,24,2012-01-01,day,5wEreUfwxZxWnEol61ulIi,Born To Die,,0.393,0.634,4,-6.629,0,0.0378,0.2,1.66E-4,0.198,0.395,85.767,4
00FQb4jTyendYWaN8pK0wa,Lana Del Rey,0Dt3FbpMQwjoT5KNAw0IXR,Born To Die – Paradise Edition (Special Version),pop,40266213,92,https://i.scdn.co/image/ab6761610000e5ebb99cacf8acd5378206767261,https://open.spotify.com/artist/00FQb4jTyendYWaN8pK0wa,album,24,2012-01-01,day,5wEreUfwxZxWnEol61ulIi,Born To Die,,0.393,0.634,4,-6.629,0,0.0378,0.2,1.66E-4,0.198,0.395,85.767,4
00AFbqxvdDK6T1D6MQZ9c1,GLAY,5367NOCCC6R10c5ygWw4cy,DRIVE -GLAY complete BEST-,classic j-pop,590825,56,https://i.scdn.co/image/ab6761610000e5ebc200887e058b56ca63e60ead,https://open.spotify.com/artist/00AFbqxvdDK6T1D6MQZ9c1,album,24,2000-11-29,day,6XQVinxt0zcb2xsfuqC89T,春を愛する人,https://p.scdn.co/mp3-preview/99df6ae22dc0f4ab0a9e731d095de113980a33db?cid=d636b62692f94f7ab8495b4d490e26cc,0.522,0.885,2,-5.015,1,0.0382,0.187,0.0,0.129,0.743,129.401,4
00AFbqxvdDK6T1D6MQZ9c1,GLAY,5367NOCCC6R10c5ygWw4cy,DRIVE -GLAY complete BEST-,j-pop,590825,56,https://i.scdn.co/image/ab6761610000e5ebc200887e058b56ca63e60ead,https://open.spotify.com/artist/00AFbqxvdDK6T1D6MQZ9c1,album,24,2000-11-29,day,6XQVinxt0zcb2xsfuqC89T,春を愛する人,https://p.scdn.co/mp3-preview/99df6ae22dc0f4ab0a9e731d095de113980a33db?cid=d636b62692f94f7ab8495b4d490e26cc,0.522,0.885,2,-5.015,1,0.0382,0.187,0.0,0.129,0.743,129.401,4
00PLVqZ4oaOmbI4lacLUBO,Stiftelsen,6vYiIkw80Btuehht8d0C8n,Allting låter som Slipknot,classic swedish pop,237999,53,https://i.scdn.co/image/ab6761610000e5eb9fd5de5ba2ae6769e75dc318,https://open.spotify.com/artist/00PLVqZ4oaOmbI4lacLUBO,album,10,2017-01-20,day,6k5JOV6WWjl2XTMSprNLvM,Som ingen annan,,0.695,0.499,0,-7.895,1,0.0248,0.391,9.84E-4,0.0721,0.383,99.983,4
00AFbqxvdDK6T1D6MQZ9c1,GLAY,0OqIpK1QAv6XBvqME8XKAX,THE FRUSTRATED,classic j-pop,590825,56,https://i.scdn.co/image/ab6761610000e5ebc200887e058b56ca63e60ead,https://open.spotify.com/artist/00AFbqxvdDK6T1D6MQZ9c1,album,14,2004-03-24,day,6kh4uApVWLF0v35iFjBzBW,無限のdeja vuから,https://p.scdn.co/mp3-preview/f474560e966a081c7277b98731b8ec12c67b6eb5?cid=d636b62692f94f7ab8495b4d490e26cc,0.414,0.349,9,-12.971,1,0.0334,0.713,0.00111,0.102,0.408,77.724,4
00AFbqxvdDK6T1D6MQZ9c1,GLAY,0OqIpK1QAv6XBvqME8XKAX,THE FRUSTRATED,j-pop,590825,56,https://i.scdn.co/image/ab6761610000e5ebc200887e058b56ca63e60ead,https://open.spotify.com/artist/00AFbqxvdDK6T1D6MQZ9c1,album,14,2004-03-24,day,6kh4uApVWLF0v35iFjBzBW,無限のdeja vuから,https://p.scdn.co/mp3-preview/f474560e966a081c7277b98731b8ec12c67b6eb5?cid=d636b62692f94f7ab8495b4d490e26cc,0.414,0.349,9,-12.971,1,0.0334,0.713,0.00111,0.102,0.408,77.724,4
00FQb4jTyendYWaN8pK0wa,Lana Del Rey,5VoeRuTrGhTbKelUfwymwu,Born To Die - The Paradise Edition,art pop,40266213,92,https://i.scdn.co/image/ab6761610000e5ebb99cacf8acd5378206767261,https://open.spotify.com/artist/00FQb4jTyendYWaN8pK0wa,album,23,2012-01-01,day,7E8A5k5VOhPmt6pGPDJhxQ,Bel Air,,0.346,0.42,2,-11.506,0,0.0298,0.864,0.0875,0.901,0.303,83.56,4
00FQb4jTyendYWaN8pK0wa,Lana Del Rey,5VoeRuTrGhTbKelUfwymwu,Born To Die - The Paradise Edition,pop,40266213,92,https://i.scdn.co/image/ab6761610000e5ebb99cacf8acd5378206767261,https://open.spotify.com/artist/00FQb4jTyendYWaN8pK0wa,album,23,2012-01-01,day,7E8A5k5VOhPmt6pGPDJhxQ,Bel Air,,0.346,0.42,2,-11.506,0,0.0298,0.864,0.0875,0.901,0.303,83.56,4
00FQb4jTyendYWaN8pK0wa,Lana Del Rey,0Dt3FbpMQwjoT5KNAw0IXR,Born To Die – Paradise Edition (Special Version),art pop,40266213,92,https://i.scdn.co/image/ab6761610000e5ebb99cacf8acd5378206767261,https://open.spotify.com/artist/00FQb4jTyendYWaN8pK0wa,album,24,2012-01-01,day,7uwOtFROjnFIhozLrqbp4R,American,,0.397,0.585,7,-6.518,1,0.0359,0.535,4.38E-4,0.0976,0.18,143.983,4
00FQb4jTyendYWaN8pK0wa,Lana Del Rey,0Dt3FbpMQwjoT5KNAw0IXR,Born To Die – Paradise Edition (Special Version),pop,40266213,92,https://i.scdn.co/image/ab6761610000e5ebb99cacf8acd5378206767261,https://open.spotify.com/artist/00FQb4jTyendYWaN8pK0wa,album,24,2012-01-01,day,7uwOtFROjnFIhozLrqbp4R,American,,0.397,0.585,7,-6.518,1,0.0359,0.535,4.38E-4,0.0976,0.18,143.983,4
00AFbqxvdDK6T1D6MQZ9c1,GLAY,5367NOCCC6R10c5ygWw4cy,DRIVE -GLAY complete BEST-,classic j-pop,590825,56,https://i.scdn.co/image/ab6761610000e5ebc200887e058b56ca63e60ead,https://open.spotify.com/artist/00AFbqxvdDK6T1D6MQZ9c1,album,24,2000-11-29,day,7wVHCSqsvY1d0G1vdsM6Ry,生きてく強さ,https://p.scdn.co/mp3-preview/c8ead6160b35e9ba16200a82ccfdc00a0b1972aa?cid=d636b62692f94f7ab8495b4d490e26cc,0.523,0.842,1,-5.629,1,0.0339,0.0207,7.55E-5,0.162,0.805,140.48,4
00AFbqxvdDK6T1D6MQZ9c1,GLAY,5367NOCCC6R10c5ygWw4cy,DRIVE -GLAY complete BEST-,j-pop,590825,56,https://i.scdn.co/image/ab6761610000e5ebc200887e058b56ca63e60ead,https://open.spotify.com/artist/00AFbqxvdDK6T1D6MQZ9c1,album,24,2000-11-29,day,7wVHCSqsvY1d0G1vdsM6Ry,生きてく強さ,https://p.scdn.co/mp3-preview/c8ead6160b35e9ba16200a82ccfdc00a0b1972aa?cid=d636b62692f94f7ab8495b4d490e26cc,0.523,0.842,1,-5.629,1,0.0339,0.0207,7.55E-5,0.162,0.805,140.48,4
00FQb4jTyendYWaN8pK0wa,Lana Del Rey,5VoeRuTrGhTbKelUfwymwu,Born To Die - The Paradise Edition,art pop,40266213,92,https://i.scdn.co/image/ab6761610000e5ebb99cacf8acd5378206767261,https://open.spotify.com/artist/00FQb4jTyendYWaN8pK0wa,album,23,2012-01-01,day,7yFMhCJOsH7khgpdnyrZAZ,Ride,,0.373,0.686,0,-5.52,1,0.034,0.128,1.96E-6,0.383,0.189,93.763,4
00FQb4jTyendYWaN8pK0wa,Lana Del Rey,5VoeRuTrGhTbKelUfwymwu,Born To Die - The Paradise Edition,pop,40266213,92,https://i.scdn.co/image/ab6761610000e5ebb99cacf8acd5378206767261,https://open.spotify.com/artist/00FQb4jTyendYWaN8pK0wa,album,23,2012-01-01,day,7yFMhCJOsH7khgpdnyrZAZ,Ride,,0.373,0.686,0,-5.52,1,0.034,0.128,1.96E-6,0.383,0.189,93.763,4
00LY9cN1x8xfhdAa1YJiyw,Gould Piano Trio,73GcZ1v5ZkcUYDrYmvOqEA,Dvořák: Piano Trios,classical piano trio,941,14,https://i.scdn.co/image/ab6761610000e5eb83d3efb7cdc5d9335c7d9503,https://open.spotify.com/artist/00LY9cN1x8xfhdAa1YJiyw,album,18,2012-05-01,day,0005Sd25e2EigdhffqP1pH,"Trio in E Minor, Op. 90, 'Dumky': IV. Andante moderato",https://p.scdn.co/mp3-preview/7257d3527b2ee118723fa42ad721940f2b0784e1?cid=d636b62692f94f7ab8495b4d490e26cc,0.318,0.0434,2,-25.542,1,0.0451,0.987,0.32,0.074,0.0994,128.264,4
007e8cQJN6Rkx7FbprHOCh,ឆន សុវណ្ណរាជ,5XQTci9qNcvyjhKipUgDl1,RHM Vol. 350 (សត្វមមាច),cambodian pop,3439,22,https://i.scdn.co/image/ab67616d0000b273353c50bf51e69f1c3eb19071,https://open.spotify.com/artist/007e8cQJN6Rkx7FbprHOCh,album,10,2008-04-16,day,06WywFK6GfFR5XDvdzmWH5,ត្រូវឆ្អិននឹងស្នេហ៍,https://p.scdn.co/mp3-preview/7ed60a17b25122c6cc2a0daa5f26f36394c39575?cid=d636b62692f94f7ab8495b4d490e26cc,0.704,0.98,5,-4.824,1,0.234,0.465,0.0,0.335,0.607,144.045,4
00AFbqxvdDK6T1D6MQZ9c1,GLAY,2KlI0OVdnnpCPM1jmazyke,rare collectives vol.1,classic j-pop,590825,56,https://i.scdn.co/image/ab6761610000e5ebc200887e058b56ca63e60ead,https://open.spotify.com/artist/00AFbqxvdDK6T1D6MQZ9c1,album,21,2003-02-05,day,08a0xhz65JSyzNsOQNWGSW,MISERY (from The Album「hide TRIBUTE SPIRITS」),https://p.scdn.co/mp3-preview/77ad55f09baf36142ec3b992b4256d1d5dabda63?cid=d636b62692f94f7ab8495b4d490e26cc,0.464,0.983,4,-4.274,1,0.0762,9.17E-4,2.6E-4,0.453,0.318,99.968,4
00AFbqxvdDK6T1D6MQZ9c1,GLAY,2KlI0OVdnnpCPM1jmazyke,rare collectives vol.1,j-pop,590825,56,https://i.scdn.co/image/ab6761610000e5ebc200887e058b56ca63e60ead,https://open.spotify.com/artist/00AFbqxvdDK6T1D6MQZ9c1,album,21,2003-02-05,day,08a0xhz65JSyzNsOQNWGSW,MISERY (from The Album「hide TRIBUTE SPIRITS」),https://p.scdn.co/mp3-preview/77ad55f09baf36142ec3b992b4256d1d5dabda63?cid=d636b62692f94f7ab8495b4d490e26cc,0.464,0.983,4,-4.274,1,0.0762,9.17E-4,2.6E-4,0.453,0.318,99.968,4
007e8cQJN6Rkx7FbprHOCh,ឆន សុវណ្ណរាជ,1p27jfQsvKIw1rtYMB7yWv,RHM Vol. 322 (ទីក្រុងគ្មានមេឃ),cambodian pop,3439,22,https://i.scdn.co/image/ab67616d0000b273353c50bf51e69f1c3eb19071,https://open.spotify.com/artist/007e8cQJN6Rkx7FbprHOCh,album,9,2007-04-09,day,0BxbYRrwiK6W5JwubROKRe,Wo Ai Ni,https://p.scdn.co/mp3-preview/bd7a33298aa5f4d0596e63320138338d4073b4de?cid=d636b62692f94f7ab8495b4d490e26cc,0.932,0.893,7,-6.566,0,0.119,0.35,2.13E-5,0.0743,0.929,140.012,4
00FQb4jTyendYWaN8pK0wa,Lana Del Rey,6QeosPQpJckkW0Obir5RT8,Chemtrails Over The Country Club,art pop,40266213,92,https://i.scdn.co/image/ab6761610000e5ebb99cacf8acd5378206767261,https://open.spotify.com/artist/00FQb4jTyendYWaN8pK0wa,album,11,2021-03-19,day,0hyImI8JaWONOrzKH7kJsC,Tulsa Jesus Freak,,0.387,0.339,2,-12.962,0,0.0489,0.918,0.00272,0.13,0.273,137.199,4
00FQb4jTyendYWaN8pK0wa,Lana Del Rey,6QeosPQpJckkW0Obir5RT8,Chemtrails Over The Country Club,pop,40266213,92,https://i.scdn.co/image/ab6761610000e5ebb99cacf8acd5378206767261,https://open.spotify.com/artist/00FQb4jTyendYWaN8pK0wa,album,11,2021-03-19,day,0hyImI8JaWONOrzKH7kJsC,Tulsa Jesus Freak,,0.387,0.339,2,-12.962,0,0.0489,0.918,0.00272,0.13,0.273,137.199,4
007e8cQJN6Rkx7FbprHOCh,ឆន សុវណ្ណរាជ,5XQTci9qNcvyjhKipUgDl1,RHM Vol. 350 (សត្វមមាច),cambodian pop,3439,22,https://i.scdn.co/image/ab67616d0000b273353c50bf51e69f1c3eb19071,https://open.spotify.com/artist/007e8cQJN6Rkx7FbprHOCh,album,10,2008-04-16,day,1VcjUBv77TkqAFZyb80mUG,សម្លាប់បងឱ្យស្លាប់សិនល្អជាង,https://p.scdn.co/mp3-preview/c630f4a5d17092349f769e79b4a62532ac254913?cid=d636b62692f94f7ab8495b4d490e26cc,0.455,0.607,4,-5.671,0,0.0304,0.675,0.0,0.136,0.514,203.896,3
00AFbqxvdDK6T1D6MQZ9c1,GLAY,2mpGDQTqb0KLyZXMyMuZE2,ONE LOVE,classic j-pop,590825,56,https://i.scdn.co/image/ab6761610000e5ebc200887e058b56ca63e60ead,https://open.spotify.com/artist/00AFbqxvdDK6T1D6MQZ9c1,album,18,2001-11-28,day,1i9XERg0evnnVhnKmuxpPf,嫉妬(KURID/PHANTOM mix),https://p.scdn.co/mp3-preview/3d8835a65e710c8109bfa0c1faaaff3141284942?cid=d636b62692f94f7ab8495b4d490e26cc,0.444,0.891,6,-4.298,0,0.0919,3.09E-4,0.0,0.536,0.54,159.926,4
00AFbqxvdDK6T1D6MQZ9c1,GLAY,2mpGDQTqb0KLyZXMyMuZE2,ONE LOVE,j-pop,590825,56,https://i.scdn.co/image/ab6761610000e5ebc200887e058b56ca63e60ead,https://open.spotify.com/artist/00AFbqxvdDK6T1D6MQZ9c1,album,18,2001-11-28,day,1i9XERg0evnnVhnKmuxpPf,嫉妬(KURID/PHANTOM mix),https://p.scdn.co/mp3-preview/3d8835a65e710c8109bfa0c1faaaff3141284942?cid=d636b62692f94f7ab8495b4d490e26cc,0.444,0.891,6,-4.298,0,0.0919,3.09E-4,0.0,0.536,0.54,159.926,4
00AFbqxvdDK6T1D6MQZ9c1,GLAY,5RGbRGz365aOgBRhyDI91k,LOVE IS BEAUTIFUL,classic j-pop,590825,56,https://i.scdn.co/image/ab6761610000e5ebc200887e058b56ca63e60ead,https://open.spotify.com/artist/00AFbqxvdDK6T1D6MQZ9c1,album,14,2007-01-31,day,1kbQk2CrYNd1TzgsSfyzF8,WORLD'S END,https://p.scdn.co/mp3-preview/b0698b36f6f774b25a60cb9afccd38ba7cbd5a01?cid=d636b62692f94f7ab8495b4d490e26cc,0.325,0.923,6,-4.427,0,0.2,0.0157,0.0,0.0418,0.472,189.556,4
00AFbqxvdDK6T1D6MQZ9c1,GLAY,5RGbRGz365aOgBRhyDI91k,LOVE IS BEAUTIFUL,j-pop,590825,56,https://i.scdn.co/image/ab6761610000e5ebc200887e058b56ca63e60ead,https://open.spotify.com/artist/00AFbqxvdDK6T1D6MQZ9c1,album,14,2007-01-31,day,1kbQk2CrYNd1TzgsSfyzF8,WORLD'S END,https://p.scdn.co/mp3-preview/b0698b36f6f774b25a60cb9afccd38ba7cbd5a01?cid=d636b62692f94f7ab8495b4d490e26cc,0.325,0.923,6,-4.427,0,0.2,0.0157,0.0,0.0418,0.472,189.556,4
00PLVqZ4oaOmbI4lacLUBO,Stiftelsen,05wWRPqfy5vHwId7ntLPzO,En vampyr har alltid fest,classic swedish pop,237999,53,https://i.scdn.co/image/ab6761610000e5eb9fd5de5ba2ae6769e75dc318,https://open.spotify.com/artist/00PLVqZ4oaOmbI4lacLUBO,album,7,2022-02-25,day,21irn9GYMyv1iKPj3OXyMZ,Två stolta lågor,https://p.scdn.co/mp3-preview/ddd044cfb26edd7b6a0966cd4587697bfff8e77b?cid=05e2ff0a21954615b11878a9eb038e7f,0.55,0.807,10,-5.013,1,0.0325,0.00457,0.137,0.155,0.683,124.991,4
00AFbqxvdDK6T1D6MQZ9c1,GLAY,3I4RcaWpiMuk5W9ldCTmsi,JUSTICE,classic j-pop,590825,56,https://i.scdn.co/image/ab6761610000e5ebc200887e058b56ca63e60ead,https://open.spotify.com/artist/00AFbqxvdDK6T1D6MQZ9c1,album,10,2013-01-23,day,2AWzIX7AQnxNZ1pD2plJ6G,ROUTE 5 BAYSHORE LINE,https://p.scdn.co/mp3-preview/124f7ffd53480b648797e26b5c94fa92115f74fc?cid=d636b62692f94f7ab8495b4d490e26cc,0.333,0.957,0,-1.729,1,0.0503,0.0224,0.0,0.133,0.511,75.058,4
00AFbqxvdDK6T1D6MQZ9c1,GLAY,3I4RcaWpiMuk5W9ldCTmsi,JUSTICE,j-pop,590825,56,https://i.scdn.co/image/ab6761610000e5ebc200887e058b56ca63e60ead,https://open.spotify.com/artist/00AFbqxvdDK6T1D6MQZ9c1,album,10,2013-01-23,day,2AWzIX7AQnxNZ1pD2plJ6G,ROUTE 5 BAYSHORE LINE,https://p.scdn.co/mp3-preview/124f7ffd53480b648797e26b5c94fa92115f74fc?cid=d636b62692f94f7ab8495b4d490e26cc,0.333,0.957,0,-1.729,1,0.0503,0.0224,0.0,0.133,0.511,75.058,4
00AFbqxvdDK6T1D6MQZ9c1,GLAY,1xHWnTYFqaXtsbAzpXouAu,GLAY,classic j-pop,590825,56,https://i.scdn.co/image/ab6761610000e5ebc200887e058b56ca63e60ead,https://open.spotify.com/artist/00AFbqxvdDK6T1D6MQZ9c1,album,10,2010-10-13,day,2F3rxaOGShrskbfLr1BiKR,Apologize,https://p.scdn.co/mp3-preview/e19a1cfd37f191601a4d9811c180bd649304834a?cid=d636b62692f94f7ab8495b4d490e26cc,0.584,0.755,11,-6.359,0,0.0263,0.151,0.0,0.208,0.273,95.859,4
00AFbqxvdDK6T1D6MQZ9c1,GLAY,1xHWnTYFqaXtsbAzpXouAu,GLAY,j-pop,590825,56,https://i.scdn.co/image/ab6761610000e5ebc200887e058b56ca63e60ead,https://open.spotify.com/artist/00AFbqxvdDK6T1D6MQZ9c1,album,10,2010-10-13,day,2F3rxaOGShrskbfLr1BiKR,Apologize,https://p.scdn.co/mp3-preview/e19a1cfd37f191601a4d9811c180bd649304834a?cid=d636b62692f94f7ab8495b4d490e26cc,0.584,0.755,11,-6.359,0,0.0263,0.151,0.0,0.208,0.273,95.859,4
00FQb4jTyendYWaN8pK0wa,Lana Del Rey,5XpEKORZ4y6OrCZSKsi46A,Norman Fucking Rockwell!,art pop,40266213,92,https://i.scdn.co/image/ab6761610000e5ebb99cacf8acd5378206767261,https://open.spotify.com/artist/00FQb4jTyendYWaN8pK0wa,album,14,2019-08-30,day,2mdEsXPu8ZmkHRRtAdC09e,Cinnamon Girl,,0.294,0.337,6,-10.614,0,0.036,0.814,0.414,0.14,0.135,91.781,5
00FQb4jTyendYWaN8pK0wa,Lana Del Rey,5XpEKORZ4y6OrCZSKsi46A,Norman Fucking Rockwell!,pop,40266213,92,https://i.scdn.co/image/ab6761610000e5ebb99cacf8acd5378206767261,https://open.spotify.com/artist/00FQb4jTyendYWaN8pK0wa,album,14,2019-08-30,day,2mdEsXPu8ZmkHRRtAdC09e,Cinnamon Girl,,0.294,0.337,6,-10.614,0,0.036,0.814,0.414,0.14,0.135,91.781,5
00AFbqxvdDK6T1D6MQZ9c1,GLAY,3I4RcaWpiMuk5W9ldCTmsi,JUSTICE,classic j-pop,590825,56,https://i.scdn.co/image/ab6761610000e5ebc200887e058b56ca63e60ead,https://open.spotify.com/artist/00AFbqxvdDK6T1D6MQZ9c1,album,10,2013-01-23,day,3cfwwywfvnVfkPex7Qfi2u,真昼の月の静けさに,https://p.scdn.co/mp3-preview/924dd325dd91edcc20832f6202c0606ae923c5e0?cid=d636b62692f94f7ab8495b4d490e26cc,0.182,0.492,5,-5.153,1,0.0346,0.415,0.0,0.0919,0.164,79.817,4
00AFbqxvdDK6T1D6MQZ9c1,GLAY,3I4RcaWpiMuk5W9ldCTmsi,JUSTICE,j-pop,590825,56,https://i.scdn.co/image/ab6761610000e5ebc200887e058b56ca63e60ead,https://open.spotify.com/artist/00AFbqxvdDK6T1D6MQZ9c1,album,10,2013-01-23,day,3cfwwywfvnVfkPex7Qfi2u,真昼の月の静けさに,https://p.scdn.co/mp3-preview/924dd325dd91edcc20832f6202c0606ae923c5e0?cid=d636b62692f94f7ab8495b4d490e26cc,0.182,0.492,5,-5.153,1,0.0346,0.415,0.0,0.0919,0.164,79.817,4
00LY9cN1x8xfhdAa1YJiyw,Gould Piano Trio,73GcZ1v5ZkcUYDrYmvOqEA,Dvořák: Piano Trios,classical piano trio,941,14,https://i.scdn.co/image/ab6761610000e5eb83d3efb7cdc5d9335c7d9503,https://open.spotify.com/artist/00LY9cN1x8xfhdAa1YJiyw,album,18,2012-05-01,day,4ikc6PQ1lbUpKwGigKNXgu,"Trio in E Minor, Op. 90, 'Dumky': VI. Lento maestoso",https://p.scdn.co/mp3-preview/24cf38c7d6a3d1d24fa613f608cf695188c7b715?cid=d636b62692f94f7ab8495b4d490e26cc,0.21,0.0682,5,-21.842,0,0.0419,0.986,0.632,0.0658,0.0399,77.392,4
00AFbqxvdDK6T1D6MQZ9c1,GLAY,2KlI0OVdnnpCPM1jmazyke,rare collectives vol.1,classic j-pop,590825,56,https://i.scdn.co/image/ab6761610000e5ebc200887e058b56ca63e60ead,https://open.spotify.com/artist/00AFbqxvdDK6T1D6MQZ9c1,album,21,2003-02-05,day,4vgTLGhils9g07DzDhmLad,ストロベリーシェイク,https://p.scdn.co/mp3-preview/b2109fbe784c5cec00f6ec332217bd68369eb0a9?cid=d636b62692f94f7ab8495b4d490e26cc,0.656,0.953,2,-5.753,1,0.0428,0.155,0.0668,0.652,0.593,135.064,4
00AFbqxvdDK6T1D6MQZ9c1,GLAY,2KlI0OVdnnpCPM1jmazyke,rare collectives vol.1,j-pop,590825,56,https://i.scdn.co/image/ab6761610000e5ebc200887e058b56ca63e60ead,https://open.spotify.com/artist/00AFbqxvdDK6T1D6MQZ9c1,album,21,2003-02-05,day,4vgTLGhils9g07DzDhmLad,ストロベリーシェイク,https://p.scdn.co/mp3-preview/b2109fbe784c5cec00f6ec332217bd68369eb0a9?cid=d636b62692f94f7ab8495b4d490e26cc,0.656,0.953,2,-5.753,1,0.0428,0.155,0.0668,0.652,0.593,135.064,4
007e8cQJN6Rkx7FbprHOCh,ឆន សុវណ្ណរាជ,1p27jfQsvKIw1rtYMB7yWv,RHM Vol. 322 (ទីក្រុងគ្មានមេឃ),cambodian pop,3439,22,https://i.scdn.co/image/ab67616d0000b273353c50bf51e69f1c3eb19071,https://open.spotify.com/artist/007e8cQJN6Rkx7FbprHOCh,album,9,2007-04-09,day,4xbmDpFOxZfrIiawdx6FV7,ស្រក់ទឹកភ្នែកមិនរាងចាល,https://p.scdn.co/mp3-preview/94ebbabe78e2a1fdc4b40bc7befe230497507f36?cid=d636b62692f94f7ab8495b4d490e26cc,0.597,0.643,5,-5.978,0,0.28,0.505,2.04E-6,0.0803,0.56,189.456,3
00AFbqxvdDK6T1D6MQZ9c1,GLAY,3I4RcaWpiMuk5W9ldCTmsi,JUSTICE,classic j-pop,590825,56,https://i.scdn.co/image/ab6761610000e5ebc200887e058b56ca63e60ead,https://open.spotify.com/artist/00AFbqxvdDK6T1D6MQZ9c1,album,10,2013-01-23,day,5JWYwIBazPq0YlTq4F0hrW,LOVE IMPOSSIBLE,https://p.scdn.co/mp3-preview/685da259e1c6f5235de839e7648d8d4183c42f30?cid=d636b62692f94f7ab8495b4d490e26cc,0.464,0.98,7,-2.161,1,0.0771,0.00738,0.0,0.0829,0.404,113.992,4
00AFbqxvdDK6T1D6MQZ9c1,GLAY,3I4RcaWpiMuk5W9ldCTmsi,JUSTICE,j-pop,590825,56,https://i.scdn.co/image/ab6761610000e5ebc200887e058b56ca63e60ead,https://open.spotify.com/artist/00AFbqxvdDK6T1D6MQZ9c1,album,10,2013-01-23,day,5JWYwIBazPq0YlTq4F0hrW,LOVE IMPOSSIBLE,https://p.scdn.co/mp3-preview/685da259e1c6f5235de839e7648d8d4183c42f30?cid=d636b62692f94f7ab8495b4d490e26cc,0.464,0.98,7,-2.161,1,0.0771,0.00738,0.0,0.0829,0.404,113.992,4
007e8cQJN6Rkx7FbprHOCh,ឆន សុវណ្ណរាជ,1p27jfQsvKIw1rtYMB7yWv,RHM Vol. 322 (ទីក្រុងគ្មានមេឃ),cambodian pop,3439,22,https://i.scdn.co/image/ab67616d0000b273353c50bf51e69f1c3eb19071,https://open.spotify.com/artist/007e8cQJN6Rkx7FbprHOCh,album,9,2007-04-09,day,5MUBBrwI3PKPC2HKCc80Od,យំប្រាប់មេឃ,https://p.scdn.co/mp3-preview/8233a079abe3e351f925b5691d861498072c2ecf?cid=d636b62692f94f7ab8495b4d490e26cc,0.632,0.329,2,-8.442,1,0.0283,0.805,0.0,0.181,0.254,114.312,4
00AFbqxvdDK6T1D6MQZ9c1,GLAY,2KlI0OVdnnpCPM1jmazyke,rare collectives vol.1,classic j-pop,590825,56,https://i.scdn.co/image/ab6761610000e5ebc200887e058b56ca63e60ead,https://open.spotify.com/artist/00AFbqxvdDK6T1D6MQZ9c1,album,21,2003-02-05,day,5a5B7FtN6biaT2LuoU5Dno,毒ロック,https://p.scdn.co/mp3-preview/d5c8853b12a2747c723e5f52b739761942d233ac?cid=d636b62692f94f7ab8495b4d490e26cc,0.522,0.91,0,-5.087,1,0.102,0.0728,0.0,0.677,0.441,144.209,1
00AFbqxvdDK6T1D6MQZ9c1,GLAY,2KlI0OVdnnpCPM1jmazyke,rare collectives vol.1,j-pop,590825,56,https://i.scdn.co/image/ab6761610000e5ebc200887e058b56ca63e60ead,https://open.spotify.com/artist/00AFbqxvdDK6T1D6MQZ9c1,album,21,2003-02-05,day,5a5B7FtN6biaT2LuoU5Dno,毒ロック,https://p.scdn.co/mp3-preview/d5c8853b12a2747c723e5f52b739761942d233ac?cid=d636b62692f94f7ab8495b4d490e26cc,0.522,0.91,0,-5.087,1,0.102,0.0728,0.0,0.677,0.441,144.209,1
00PLVqZ4oaOmbI4lacLUBO,Stiftelsen,05wWRPqfy5vHwId7ntLPzO,En vampyr har alltid fest,classic swedish pop,237999,53,https://i.scdn.co/image/ab6761610000e5eb9fd5de5ba2ae6769e75dc318,https://open.spotify.com/artist/00PLVqZ4oaOmbI4lacLUBO,album,7,2022-02-25,day,64mnElxSNGy5DJCkhobSef,Vilsen,https://p.scdn.co/mp3-preview/a775e3d4e30ac6d877f0bb87f861ddce55f6fe7f?cid=05e2ff0a21954615b11878a9eb038e7f,0.558,0.872,2,-5.925,1,0.0343,4.86E-4,0.00315,0.0751,0.944,144.993,4
007e8cQJN6Rkx7FbprHOCh,ឆន សុវណ្ណរាជ,3H5oe3ffjzc7UqPQkwJcly,RHM Vol. 329 (ធម្មជាតិស្ងៀមឈឹង),cambodian pop,3439,22,https://i.scdn.co/image/ab67616d0000b273353c50bf51e69f1c3eb19071,https://open.spotify.com/artist/007e8cQJN6Rkx7FbprHOCh,album,10,2007-06-28,day,65ZrePNRedZdPOQmCSOHrH,Super Woman,https://p.scdn.co/mp3-preview/c703dfaf49fb2ee65c12a5e056545763b6ecc1db?cid=d636b62692f94f7ab8495b4d490e26cc,0.658,0.808,8,-5.21,1,0.0922,0.768,7.05E-5,0.085,0.557,138.101,4
00LY9cN1x8xfhdAa1YJiyw,Gould Piano Trio,73GcZ1v5ZkcUYDrYmvOqEA,Dvořák: Piano Trios,classical piano trio,941,14,https://i.scdn.co/image/ab6761610000e5eb83d3efb7cdc5d9335c7d9503,https://open.spotify.com/artist/00LY9cN1x8xfhdAa1YJiyw,album,18,2012-05-01,day,6CCLRNyvV7W8yqnUgxOl96,"Trio in E Minor, Op. 90, 'Dumky': II. Poco adagio",https://p.scdn.co/mp3-preview/86355234f58f0de9d39445d91e6852d3de02b2c6?cid=d636b62692f94f7ab8495b4d490e26cc,0.236,0.0187,1,-22.16,0,0.0454,0.989,0.793,0.0691,0.039,91.325,4
00AFbqxvdDK6T1D6MQZ9c1,GLAY,2KlI0OVdnnpCPM1jmazyke,rare collectives vol.1,classic j-pop,590825,56,https://i.scdn.co/image/ab6761610000e5ebc200887e058b56ca63e60ead,https://open.spotify.com/artist/00AFbqxvdDK6T1D6MQZ9c1,album,21,2003-02-05,day,6KP12J73OAxXoonF6SgOAd,Little Lovebirds,https://p.scdn.co/mp3-preview/8b10bd35a93fdf91b920a45d8e3de910131d644f?cid=d636b62692f94f7ab8495b4d490e26cc,0.466,0.93,9,-3.915,1,0.0685,0.00374,0.0,0.0654,0.495,126.112,4
00AFbqxvdDK6T1D6MQZ9c1,GLAY,2KlI0OVdnnpCPM1jmazyke,rare collectives vol.1,j-pop,590825,56,https://i.scdn.co/image/ab6761610000e5ebc200887e058b56ca63e60ead,https://open.spotify.com/artist/00AFbqxvdDK6T1D6MQZ9c1,album,21,2003-02-05,day,6KP12J73OAxXoonF6SgOAd,Little Lovebirds,https://p.scdn.co/mp3-preview/8b10bd35a93fdf91b920a45d8e3de910131d644f?cid=d636b62692f94f7ab8495b4d490e26cc,0.466,0.93,9,-3.915,1,0.0685,0.00374,0.0,0.0654,0.495,126.112,4
00FQb4jTyendYWaN8pK0wa,Lana Del Rey,5XpEKORZ4y6OrCZSKsi46A,Norman Fucking Rockwell!,art pop,40266213,92,https://i.scdn.co/image/ab6761610000e5ebb99cacf8acd5378206767261,https://open.spotify.com/artist/00FQb4jTyendYWaN8pK0wa,album,14,2019-08-30,day,6OG05bPAwUuV3OMvy2Vy1P,Mariners Apartment Complex,,0.531,0.252,9,-12.765,1,0.028,0.763,1.33E-4,0.104,0.159,76.054,4
00FQb4jTyendYWaN8pK0wa,Lana Del Rey,5XpEKORZ4y6OrCZSKsi46A,Norman Fucking Rockwell!,pop,40266213,92,https://i.scdn.co/image/ab6761610000e5ebb99cacf8acd5378206767261,https://open.spotify.com/artist/00FQb4jTyendYWaN8pK0wa,album,14,2019-08-30,day,6OG05bPAwUuV3OMvy2Vy1P,Mariners Apartment Complex,,0.531,0.252,9,-12.765,1,0.028,0.763,1.33E-4,0.104,0.159,76.054,4
00AFbqxvdDK6T1D6MQZ9c1,GLAY,2mpGDQTqb0KLyZXMyMuZE2,ONE LOVE,classic j-pop,590825,56,https://i.scdn.co/image/ab6761610000e5ebc200887e058b56ca63e60ead,https://open.spotify.com/artist/00AFbqxvdDK6T1D6MQZ9c1,album,18,2001-11-28,day,6jh0eMl2NFAWheDsk2FuoB,Christmas Ring,https://p.scdn.co/mp3-preview/2730ede0d978776c9019a15100852f5732627467?cid=d636b62692f94f7ab8495b4d490e26cc,0.348,0.551,0,-5.896,1,0.0319,0.02,1.46E-5,0.116,0.171,79.11,4
00AFbqxvdDK6T1D6MQZ9c1,GLAY,2mpGDQTqb0KLyZXMyMuZE2,ONE LOVE,j-pop,590825,56,https://i.scdn.co/image/ab6761610000e5ebc200887e058b56ca63e60ead,https://open.spotify.com/artist/00AFbqxvdDK6T1D6MQZ9c1,album,18,2001-11-28,day,6jh0eMl2NFAWheDsk2FuoB,Christmas Ring,https://p.scdn.co/mp3-preview/2730ede0d978776c9019a15100852f5732627467?cid=d636b62692f94f7ab8495b4d490e26cc,0.348,0.551,0,-5.896,1,0.0319,0.02,1.46E-5,0.116,0.171,79.11,4
00LY9cN1x8xfhdAa1YJiyw,Gould Piano Trio,73GcZ1v5ZkcUYDrYmvOqEA,Dvořák: Piano Trios,classical piano trio,941,14,https://i.scdn.co/image/ab6761610000e5eb83d3efb7cdc5d9335c7d9503,https://open.spotify.com/artist/00LY9cN1x8xfhdAa1YJiyw,album,18,2012-05-01,day,7CvMG19lee60jwj9OJJeD3,"Trio in F Minor, Op. 65: II. Allegretto grazioso",https://p.scdn.co/mp3-preview/b317f8f8a45f7a0a908c72daa03701b3f028329f?cid=d636b62692f94f7ab8495b4d490e26cc,0.334,0.0576,1,-20.062,0,0.0396,0.989,0.925,0.089,0.193,149.498,3
00FQb4jTyendYWaN8pK0wa,Lana Del Rey,5XpEKORZ4y6OrCZSKsi46A,Norman Fucking Rockwell!,art pop,40266213,92,https://i.scdn.co/image/ab6761610000e5ebb99cacf8acd5378206767261,https://open.spotify.com/artist/00FQb4jTyendYWaN8pK0wa,album,14,2019-08-30,day,7MtVPRGtZl6rPjMfLoI3Lh,Fuck it I love you,,0.534,0.452,9,-10.732,0,0.0359,0.895,0.00165,0.125,0.175,129.974,4
00FQb4jTyendYWaN8pK0wa,Lana Del Rey,5XpEKORZ4y6OrCZSKsi46A,Norman Fucking Rockwell!,pop,40266213,92,https://i.scdn.co/image/ab6761610000e5ebb99cacf8acd5378206767261,https://open.spotify.com/artist/00FQb4jTyendYWaN8pK0wa,album,14,2019-08-30,day,7MtVPRGtZl6rPjMfLoI3Lh,Fuck it I love you,,0.534,0.452,9,-10.732,0,0.0359,0.895,0.00165,0.125,0.175,129.974,4
00AFbqxvdDK6T1D6MQZ9c1,GLAY,2KlI0OVdnnpCPM1jmazyke,rare collectives vol.1,classic j-pop,590825,56,https://i.scdn.co/image/ab6761610000e5ebc200887e058b56ca63e60ead,https://open.spotify.com/artist/00AFbqxvdDK6T1D6MQZ9c1,album,21,2003-02-05,day,7ezzP6isGiSyJFhjL7rAR7,GONE WITH THE WIND,https://p.scdn.co/mp3-preview/2a39fab2726c057b33d9d6a4be1f6f39820c3632?cid=d636b62692f94f7ab8495b4d490e26cc,0.459,0.915,11,-4.582,0,0.0418,1.96E-4,0.0,0.14,0.605,163.364,4
00AFbqxvdDK6T1D6MQZ9c1,GLAY,2KlI0OVdnnpCPM1jmazyke,rare collectives vol.1,j-pop,590825,56,https://i.scdn.co/image/ab6761610000e5ebc200887e058b56ca63e60ead,https://open.spotify.com/artist/00AFbqxvdDK6T1D6MQZ9c1,album,21,2003-02-05,day,7ezzP6isGiSyJFhjL7rAR7,GONE WITH THE WIND,https://p.scdn.co/mp3-preview/2a39fab2726c057b33d9d6a4be1f6f39820c3632?cid=d636b62692f94f7ab8495b4d490e26cc,0.459,0.915,11,-4.582,0,0.0418,1.96E-4,0.0,0.14,0.605,163.364,4
00AFbqxvdDK6T1D6MQZ9c1,GLAY,2jDU8njjn86wfD1G3uPrIS,pure soul,classic j-pop,590825,56,https://i.scdn.co/image/ab6761610000e5ebc200887e058b56ca63e60ead,https://open.spotify.com/artist/00AFbqxvdDK6T1D6MQZ9c1,album,11,1998-07-29,day,04TvNjZI90FC1r6AJDMfVq,3年後,https://p.scdn.co/mp3-preview/1b96a6346b35f453c6ff1b600b0f124a14f40758?cid=d636b62692f94f7ab8495b4d490e26cc,0.334,0.619,7,-5.848,1,0.0314,0.00676,0.014,0.142,0.113,147.757,4
00AFbqxvdDK6T1D6MQZ9c1,GLAY,2jDU8njjn86wfD1G3uPrIS,pure soul,j-pop,590825,56,https://i.scdn.co/image/ab6761610000e5ebc200887e058b56ca63e60ead,https://open.spotify.com/artist/00AFbqxvdDK6T1D6MQZ9c1,album,11,1998-07-29,day,04TvNjZI90FC1r6AJDMfVq,3年後,https://p.scdn.co/mp3-preview/1b96a6346b35f453c6ff1b600b0f124a14f40758?cid=d636b62692f94f7ab8495b4d490e26cc,0.334,0.619,7,-5.848,1,0.0314,0.00676,0.014,0.142,0.113,147.757,4
00AFbqxvdDK6T1D6MQZ9c1,GLAY,2jDU8njjn86wfD1G3uPrIS,pure soul,classic j-pop,590825,56,https://i.scdn.co/image/ab6761610000e5ebc200887e058b56ca63e60ead,https://open.spotify.com/artist/00AFbqxvdDK6T1D6MQZ9c1,album,11,1998-07-29,day,0L6C3KT0px6Opk6LR2iaCQ,誘惑,https://p.scdn.co/mp3-preview/ea19cdc67eafeaa78cba9cbfb85e75741541aac7?cid=d636b62692f94f7ab8495b4d490e26cc,0.469,0.955,2,-4.894,1,0.0506,0.0252,0.0,0.112,0.727,89.844,4
00AFbqxvdDK6T1D6MQZ9c1,GLAY,2jDU8njjn86wfD1G3uPrIS,pure soul,j-pop,590825,56,https://i.scdn.co/image/ab6761610000e5ebc200887e058b56ca63e60ead,https://open.spotify.com/artist/00AFbqxvdDK6T1D6MQZ9c1,album,11,1998-07-29,day,0L6C3KT0px6Opk6LR2iaCQ,誘惑,https://p.scdn.co/mp3-preview/ea19cdc67eafeaa78cba9cbfb85e75741541aac7?cid=d636b62692f94f7ab8495b4d490e26cc,0.469,0.955,2,-4.894,1,0.0506,0.0252,0.0,0.112,0.727,89.844,4
00AFbqxvdDK6T1D6MQZ9c1,GLAY,5D4azLbqIv2gyOu8JUMON4,rare collectives vol.3,classic j-pop,590825,56,https://i.scdn.co/image/ab6761610000e5ebc200887e058b56ca63e60ead,https://open.spotify.com/artist/00AFbqxvdDK6T1D6MQZ9c1,album,21,2011-03-09,day,0mbe3U5vFPHZ3bYKC6b0O9,LONE WOLF,https://p.scdn.co/mp3-preview/0f948f1217b386da1ce9f65ef50116ef756acf3a?cid=d636b62692f94f7ab8495b4d490e26cc,0.336,0.98,9,-2.976,0,0.106,0.0188,0.0,0.177,0.266,171.262,4
00AFbqxvdDK6T1D6MQZ9c1,GLAY,5D4azLbqIv2gyOu8JUMON4,rare collectives vol.3,j-pop,590825,56,https://i.scdn.co/image/ab6761610000e5ebc200887e058b56ca63e60ead,https://open.spotify.com/artist/00AFbqxvdDK6T1D6MQZ9c1,album,21,2011-03-09,day,0mbe3U5vFPHZ3bYKC6b0O9,LONE WOLF,https://p.scdn.co/mp3-preview/0f948f1217b386da1ce9f65ef50116ef756acf3a?cid=d636b62692f94f7ab8495b4d490e26cc,0.336,0.98,9,-2.976,0,0.106,0.0188,0.0,0.177,0.266,171.262,4
00AFbqxvdDK6T1D6MQZ9c1,GLAY,5D4azLbqIv2gyOu8JUMON4,rare collectives vol.3,classic j-pop,590825,56,https://i.scdn.co/image/ab6761610000e5ebc200887e058b56ca63e60ead,https://open.spotify.com/artist/00AFbqxvdDK6T1D6MQZ9c1,album,21,2011-03-09,day,0toDhrAUlaUuqo989eyKKL,シキナ (ROCK AROUND THE WORLD Live ver.),https://p.scdn.co/mp3-preview/7bab48988f9334b115d3e99be5647666e91759bb?cid=d636b62692f94f7ab8495b4d490e26cc,0.483,0.975,7,-3.541,1,0.089,0.0037,1.69E-5,0.865,0.492,133.026,4
00AFbqxvdDK6T1D6MQZ9c1,GLAY,5D4azLbqIv2gyOu8JUMON4,rare collectives vol.3,j-pop,590825,56,https://i.scdn.co/image/ab6761610000e5ebc200887e058b56ca63e60ead,https://open.spotify.com/artist/00AFbqxvdDK6T1D6MQZ9c1,album,21,2011-03-09,day,0toDhrAUlaUuqo989eyKKL,シキナ (ROCK AROUND THE WORLD Live ver.),https://p.scdn.co/mp3-preview/7bab48988f9334b115d3e99be5647666e91759bb?cid=d636b62692f94f7ab8495b4d490e26cc,0.483,0.975,7,-3.541,1,0.089,0.0037,1.69E-5,0.865,0.492,133.026,4
00FQb4jTyendYWaN8pK0wa,Lana Del Rey,1ORxRsK3MrSLvh7VQTF01F,Ultraviolence (Deluxe),art pop,40266213,92,https://i.scdn.co/image/ab6761610000e5ebb99cacf8acd5378206767261,https://open.spotify.com/artist/00FQb4jTyendYWaN8pK0wa,album,14,2014-01-01,day,1NZs6n6hl8UuMaX0UC0YTz,Brooklyn Baby,,0.404,0.664,1,-6.698,1,0.0407,0.542,0.00402,0.11,0.0949,107.747,4
00FQb4jTyendYWaN8pK0wa,Lana Del Rey,1ORxRsK3MrSLvh7VQTF01F,Ultraviolence (Deluxe),pop,40266213,92,https://i.scdn.co/image/ab6761610000e5ebb99cacf8acd5378206767261,https://open.spotify.com/artist/00FQb4jTyendYWaN8pK0wa,album,14,2014-01-01,day,1NZs6n6hl8UuMaX0UC0YTz,Brooklyn Baby,,0.404,0.664,1,-6.698,1,0.0407,0.542,0.00402,0.11,0.0949,107.747,4
00AFbqxvdDK6T1D6MQZ9c1,GLAY,2jDU8njjn86wfD1G3uPrIS,pure soul,classic j-pop,590825,56,https://i.scdn.co/image/ab6761610000e5ebc200887e058b56ca63e60ead,https://open.spotify.com/artist/00AFbqxvdDK6T1D6MQZ9c1,album,11,1998-07-29,day,1axJAm7Ive43zfRvV1kukZ,May Fair,https://p.scdn.co/mp3-preview/e80112e4547142c6afde1c321e271cfc6c978cae?cid=d636b62692f94f7ab8495b4d490e26cc,0.3,0.822,9,-5.097,1,0.0381,0.137,0.0,0.11,0.365,179.512,4
00AFbqxvdDK6T1D6MQZ9c1,GLAY,2jDU8njjn86wfD1G3uPrIS,pure soul,j-pop,590825,56,https://i.scdn.co/image/ab6761610000e5ebc200887e058b56ca63e60ead,https://open.spotify.com/artist/00AFbqxvdDK6T1D6MQZ9c1,album,11,1998-07-29,day,1axJAm7Ive43zfRvV1kukZ,May Fair,https://p.scdn.co/mp3-preview/e80112e4547142c6afde1c321e271cfc6c978cae?cid=d636b62692f94f7ab8495b4d490e26cc,0.3,0.822,9,-5.097,1,0.0381,0.137,0.0,0.11,0.365,179.512,4
00PLVqZ4oaOmbI4lacLUBO,Stiftelsen,50LvvIZ5oazHY9mJfBnq9F,Dopet,classic swedish pop,237999,53,https://i.scdn.co/image/ab6761610000e5eb9fd5de5ba2ae6769e75dc318,https://open.spotify.com/artist/00PLVqZ4oaOmbI4lacLUBO,album,7,2013-10-30,day,1xt13FQGBw2Uay7MmY78ue,Hövdingen,https://p.scdn.co/mp3-preview/060cf60fa613fe9ad7680d00f6cc042b544f56ba?cid=05e2ff0a21954615b11878a9eb038e7f,0.251,0.719,4,-7.022,0,0.0416,0.0467,0.7,0.1,0.139,81.997,5
00AFbqxvdDK6T1D6MQZ9c1,GLAY,5D4azLbqIv2gyOu8JUMON4,rare collectives vol.3,classic j-pop,590825,56,https://i.scdn.co/image/ab6761610000e5ebc200887e058b56ca63e60ead,https://open.spotify.com/artist/00AFbqxvdDK6T1D6MQZ9c1,album,21,2011-03-09,day,22HWS7qmSLjHTNp3jn5mtt,すべて、愛だった-La vie d'une petite fille-,https://p.scdn.co/mp3-preview/d3728dc0d6f7243fd8f611042bd1f4d03c303282?cid=d636b62692f94f7ab8495b4d490e26cc,0.598,0.687,2,-5.264,1,0.0289,0.0649,0.0,0.113,0.289,101.079,4
00AFbqxvdDK6T1D6MQZ9c1,GLAY,5D4azLbqIv2gyOu8JUMON4,rare collectives vol.3,j-pop,590825,56,https://i.scdn.co/image/ab6761610000e5ebc200887e058b56ca63e60ead,https://open.spotify.com/artist/00AFbqxvdDK6T1D6MQZ9c1,album,21,2011-03-09,day,22HWS7qmSLjHTNp3jn5mtt,すべて、愛だった-La vie d'une petite fille-,https://p.scdn.co/mp3-preview/d3728dc0d6f7243fd8f611042bd1f4d03c303282?cid=d636b62692f94f7ab8495b4d490e26cc,0.598,0.687,2,-5.264,1,0.0289,0.0649,0.0,0.113,0.289,101.079,4
00AFbqxvdDK6T1D6MQZ9c1,GLAY,2jDU8njjn86wfD1G3uPrIS,pure soul,classic j-pop,590825,56,https://i.scdn.co/image/ab6761610000e5ebc200887e058b56ca63e60ead,https://open.spotify.com/artist/00AFbqxvdDK6T1D6MQZ9c1,album,11,1998-07-29,day,28uEz3ea3dyYlNf07Lf69F,SOUL LOVE,https://p.scdn.co/mp3-preview/5893fc613dad31846ce917d8f2ddf7786cb7888d?cid=d636b62692f94f7ab8495b4d490e26cc,0.415,0.951,11,-4.889,1,0.0563,0.0357,8.7E-5,0.139,0.572,163.813,4
00AFbqxvdDK6T1D6MQZ9c1,GLAY,2jDU8njjn86wfD1G3uPrIS,pure soul,j-pop,590825,56,https://i.scdn.co/image/ab6761610000e5ebc200887e058b56ca63e60ead,https://open.spotify.com/artist/00AFbqxvdDK6T1D6MQZ9c1,album,11,1998-07-29,day,28uEz3ea3dyYlNf07Lf69F,SOUL LOVE,https://p.scdn.co/mp3-preview/5893fc613dad31846ce917d8f2ddf7786cb7888d?cid=d636b62692f94f7ab8495b4d490e26cc,0.415,0.951,11,-4.889,1,0.0563,0.0357,8.7E-5,0.139,0.572,163.813,4
00AFbqxvdDK6T1D6MQZ9c1,GLAY,18SEMnCLufaerZz51G9UDO,GUILTY,classic j-pop,590825,56,https://i.scdn.co/image/ab6761610000e5ebc200887e058b56ca63e60ead,https://open.spotify.com/artist/00AFbqxvdDK6T1D6MQZ9c1,album,10,2013-01-23,day,2KhUAJfo6blPFm0HlnEE0J,冬の遊歩道,https://p.scdn.co/mp3-preview/a3b2eb07ff7bf161b655466d8134b9bb06a3710a?cid=d636b62692f94f7ab8495b4d490e26cc,0.312,0.705,2,-5.366,1,0.0416,0.166,3.72E-6,0.173,0.177,179.872,4
00AFbqxvdDK6T1D6MQZ9c1,GLAY,18SEMnCLufaerZz51G9UDO,GUILTY,j-pop,590825,56,https://i.scdn.co/image/ab6761610000e5ebc200887e058b56ca63e60ead,https://open.spotify.com/artist/00AFbqxvdDK6T1D6MQZ9c1,album,10,2013-01-23,day,2KhUAJfo6blPFm0HlnEE0J,冬の遊歩道,https://p.scdn.co/mp3-preview/a3b2eb07ff7bf161b655466d8134b9bb06a3710a?cid=d636b62692f94f7ab8495b4d490e26cc,0.312,0.705,2,-5.366,1,0.0416,0.166,3.72E-6,0.173,0.177,179.872,4
00AFbqxvdDK6T1D6MQZ9c1,GLAY,18SEMnCLufaerZz51G9UDO,GUILTY,classic j-pop,590825,56,https://i.scdn.co/image/ab6761610000e5ebc200887e058b56ca63e60ead,https://open.spotify.com/artist/00AFbqxvdDK6T1D6MQZ9c1,album,10,2013-01-23,day,2a3Yl68ykjl3yEvu7wSceZ,初恋を唄え,https://p.scdn.co/mp3-preview/11cf92a423329435450065121289d3985bf16b68?cid=d636b62692f94f7ab8495b4d490e26cc,0.371,0.705,0,-4.89,1,0.0292,0.293,0.0,0.146,0.396,156.228,4
00AFbqxvdDK6T1D6MQZ9c1,GLAY,18SEMnCLufaerZz51G9UDO,GUILTY,j-pop,590825,56,https://i.scdn.co/image/ab6761610000e5ebc200887e058b56ca63e60ead,https://open.spotify.com/artist/00AFbqxvdDK6T1D6MQZ9c1,album,10,2013-01-23,day,2a3Yl68ykjl3yEvu7wSceZ,初恋を唄え,https://p.scdn.co/mp3-preview/11cf92a423329435450065121289d3985bf16b68?cid=d636b62692f94f7ab8495b4d490e26cc,0.371,0.705,0,-4.89,1,0.0292,0.293,0.0,0.146,0.396,156.228,4
00AFbqxvdDK6T1D6MQZ9c1,GLAY,18SEMnCLufaerZz51G9UDO,GUILTY,classic j-pop,590825,56,https://i.scdn.co/image/ab6761610000e5ebc200887e058b56ca63e60ead,https://open.spotify.com/artist/00AFbqxvdDK6T1D6MQZ9c1,album,10,2013-01-23,day,30IdRc4Xk1k2Svv6GlkFwS,キリノナカ,https://p.scdn.co/mp3-preview/8dc18ed8cf4326d8143372d4ef1d1ff9884f2c42?cid=d636b62692f94f7ab8495b4d490e26cc,0.415,0.982,11,-3.625,0,0.155,0.00235,0.066,0.346,0.332,147.97,4
00AFbqxvdDK6T1D6MQZ9c1,GLAY,18SEMnCLufaerZz51G9UDO,GUILTY,j-pop,590825,56,https://i.scdn.co/image/ab6761610000e5ebc200887e058b56ca63e60ead,https://open.spotify.com/artist/00AFbqxvdDK6T1D6MQZ9c1,album,10,2013-01-23,day,30IdRc4Xk1k2Svv6GlkFwS,キリノナカ,https://p.scdn.co/mp3-preview/8dc18ed8cf4326d8143372d4ef1d1ff9884f2c42?cid=d636b62692f94f7ab8495b4d490e26cc,0.415,0.982,11,-3.625,0,0.155,0.00235,0.066,0.346,0.332,147.97,4
00FQb4jTyendYWaN8pK0wa,Lana Del Rey,5HOHne1wzItQlIYmLXLYfZ,Did you know that there's a tunnel under Ocean Blvd,art pop,40266213,92,https://i.scdn.co/image/ab6761610000e5ebb99cacf8acd5378206767261,https://open.spotify.com/artist/00FQb4jTyendYWaN8pK0wa,album,16,2023-03-24,day,3MlEryrxCKZkcfX18ZLX96,Candy Necklace (feat. Jon Batiste),,0.391,0.14,11,-16.479,0,0.0356,0.87,0.00432,0.0917,0.0937,60.127,4
00FQb4jTyendYWaN8pK0wa,Lana Del Rey,5HOHne1wzItQlIYmLXLYfZ,Did you know that there's a tunnel under Ocean Blvd,pop,40266213,92,https://i.scdn.co/image/ab6761610000e5ebb99cacf8acd5378206767261,https://open.spotify.com/artist/00FQb4jTyendYWaN8pK0wa,album,16,2023-03-24,day,3MlEryrxCKZkcfX18ZLX96,Candy Necklace (feat. Jon Batiste),,0.391,0.14,11,-16.479,0,0.0356,0.87,0.00432,0.0917,0.0937,60.127,4
00LY9cN1x8xfhdAa1YJiyw,Gould Piano Trio,1XYP48ez3abuCRJ1C7VmLj,"Macmillan, Maxwell Davies, Beamish",classical piano trio,941,14,https://i.scdn.co/image/ab6761610000e5eb83d3efb7cdc5d9335c7d9503,https://open.spotify.com/artist/00LY9cN1x8xfhdAa1YJiyw,album,4,2015-02-09,day,3SPzOKQoIb5Db2Hd7Oc0RW,Piano Trio No. 2,https://p.scdn.co/mp3-preview/73b183c2ce38775b65824f68f18646c6b33c0ed3?cid=d636b62692f94f7ab8495b4d490e26cc,0.386,0.299,5,-20.001,0,0.0712,0.938,0.246,0.0753,0.0396,116.404,5
00AFbqxvdDK6T1D6MQZ9c1,GLAY,4OeOICE4BxqKjnLfkvMp99,WHITE ROAD,classic j-pop,590825,56,https://i.scdn.co/image/ab6761610000e5ebc200887e058b56ca63e60ead,https://open.spotify.com/artist/00AFbqxvdDK6T1D6MQZ9c1,album,14,2005-01-19,day,3sfV2HHNJFZZs2a6ed52D4,ホワイトロード,https://p.scdn.co/mp3-preview/767a95d4b37bef7db2a84816206d6b9595929ff4?cid=d636b62692f94f7ab8495b4d490e26cc,0.43,0.737,4,-5.234,1,0.0428,0.195,0.0,0.075,0.327,159.692,4
00AFbqxvdDK6T1D6MQZ9c1,GLAY,4OeOICE4BxqKjnLfkvMp99,WHITE ROAD,j-pop,590825,56,https://i.scdn.co/image/ab6761610000e5ebc200887e058b56ca63e60ead,https://open.spotify.com/artist/00AFbqxvdDK6T1D6MQZ9c1,album,14,2005-01-19,day,3sfV2HHNJFZZs2a6ed52D4,ホワイトロード,https://p.scdn.co/mp3-preview/767a95d4b37bef7db2a84816206d6b9595929ff4?cid=d636b62692f94f7ab8495b4d490e26cc,0.43,0.737,4,-5.234,1,0.0428,0.195,0.0,0.075,0.327,159.692,4
00AFbqxvdDK6T1D6MQZ9c1,GLAY,5D4azLbqIv2gyOu8JUMON4,rare collectives vol.3,classic j-pop,590825,56,https://i.scdn.co/image/ab6761610000e5ebc200887e058b56ca63e60ead,https://open.spotify.com/artist/00AFbqxvdDK6T1D6MQZ9c1,album,21,2011-03-09,day,44roSEWvDJbua7GBTa8yfz,笑顔の多い日ばかりじゃない,https://p.scdn.co/mp3-preview/fc771c984dfbc42bb690e719e65cb396507e0ed0?cid=d636b62692f94f7ab8495b4d490e26cc,0.591,0.906,4,-2.845,1,0.0324,0.00132,0.0,0.127,0.642,136.18,4
00AFbqxvdDK6T1D6MQZ9c1,GLAY,5D4azLbqIv2gyOu8JUMON4,rare collectives vol.3,j-pop,590825,56,https://i.scdn.co/image/ab6761610000e5ebc200887e058b56ca63e60ead,https://open.spotify.com/artist/00AFbqxvdDK6T1D6MQZ9c1,album,21,2011-03-09,day,44roSEWvDJbua7GBTa8yfz,笑顔の多い日ばかりじゃない,https://p.scdn.co/mp3-preview/fc771c984dfbc42bb690e719e65cb396507e0ed0?cid=d636b62692f94f7ab8495b4d490e26cc,0.591,0.906,4,-2.845,1,0.0324,0.00132,0.0,0.127,0.642,136.18,4
00AFbqxvdDK6T1D6MQZ9c1,GLAY,4OeOICE4BxqKjnLfkvMp99,WHITE ROAD,classic j-pop,590825,56,https://i.scdn.co/image/ab6761610000e5ebc200887e058b56ca63e60ead,https://open.spotify.com/artist/00AFbqxvdDK6T1D6MQZ9c1,album,14,2005-01-19,day,47yB3xlcZfLtCC35lJfIRt,SPECIAL THANKS,https://p.scdn.co/mp3-preview/16f522b11e9d898aca15316f97940d558a025392?cid=d636b62692f94f7ab8495b4d490e26cc,0.381,0.799,0,-4.435,1,0.0343,0.235,2.93E-6,0.0522,0.498,86.954,4
00AFbqxvdDK6T1D6MQZ9c1,GLAY,4OeOICE4BxqKjnLfkvMp99,WHITE ROAD,j-pop,590825,56,https://i.scdn.co/image/ab6761610000e5ebc200887e058b56ca63e60ead,https://open.spotify.com/artist/00AFbqxvdDK6T1D6MQZ9c1,album,14,2005-01-19,day,47yB3xlcZfLtCC35lJfIRt,SPECIAL THANKS,https://p.scdn.co/mp3-preview/16f522b11e9d898aca15316f97940d558a025392?cid=d636b62692f94f7ab8495b4d490e26cc,0.381,0.799,0,-4.435,1,0.0343,0.235,2.93E-6,0.0522,0.498,86.954,4
00AFbqxvdDK6T1D6MQZ9c1,GLAY,18SEMnCLufaerZz51G9UDO,GUILTY,classic j-pop,590825,56,https://i.scdn.co/image/ab6761610000e5ebc200887e058b56ca63e60ead,https://open.spotify.com/artist/00AFbqxvdDK6T1D6MQZ9c1,album,10,2013-01-23,day,4kEmVlwCD0HyRwVsTixJNf,Bible,https://p.scdn.co/mp3-preview/6cd367bfd322070f75770da2d5a398c5a5b4b856?cid=d636b62692f94f7ab8495b4d490e26cc,0.484,0.887,2,-4.588,1,0.0409,0.12,0.0,0.0902,0.551,97.134,4
00AFbqxvdDK6T1D6MQZ9c1,GLAY,18SEMnCLufaerZz51G9UDO,GUILTY,j-pop,590825,56,https://i.scdn.co/image/ab6761610000e5ebc200887e058b56ca63e60ead,https://open.spotify.com/artist/00AFbqxvdDK6T1D6MQZ9c1,album,10,2013-01-23,day,4kEmVlwCD0HyRwVsTixJNf,Bible,https://p.scdn.co/mp3-preview/6cd367bfd322070f75770da2d5a398c5a5b4b856?cid=d636b62692f94f7ab8495b4d490e26cc,0.484,0.887,2,-4.588,1,0.0409,0.12,0.0,0.0902,0.551,97.134,4
001Ju8fxqMbobN0xjX7XPL,Samar Singh,7xmTSTQaRxz9uLEobcOoEn,Ganna Ke Ras,bhojpuri pop,558163,62,https://i.scdn.co/image/ab6761610000e5ebd329602f4f3465217b054140,https://open.spotify.com/artist/001Ju8fxqMbobN0xjX7XPL,album,9,2015-05-19,day,5Ayd3Qo3U3leTlqgkOov2S,Paint Pahirle Badu,https://p.scdn.co/mp3-preview/f89ffe69c1ff2ffa3c55110a41f3fed9b93f8b1a?cid=05e2ff0a21954615b11878a9eb038e7f,0.582,0.928,7,-1.633,0,0.215,0.27,0.0,0.197,0.926,149.778,4
00AFbqxvdDK6T1D6MQZ9c1,GLAY,5D4azLbqIv2gyOu8JUMON4,rare collectives vol.3,classic j-pop,590825,56,https://i.scdn.co/image/ab6761610000e5ebc200887e058b56ca63e60ead,https://open.spotify.com/artist/00AFbqxvdDK6T1D6MQZ9c1,album,21,2011-03-09,day,5Osg9PY5T3huZtKWjZPN3C,無限のdéjà-vu (THE GREAT VACATION -extra- Live ver.),https://p.scdn.co/mp3-preview/ec74216db53820a591980d905d74592e3fb88b64?cid=d636b62692f94f7ab8495b4d490e26cc,0.28,0.745,0,-4.746,1,0.0388,0.103,0.0,0.326,0.263,152.876,4
00AFbqxvdDK6T1D6MQZ9c1,GLAY,5D4azLbqIv2gyOu8JUMON4,rare collectives vol.3,j-pop,590825,56,https://i.scdn.co/image/ab6761610000e5ebc200887e058b56ca63e60ead,https://open.spotify.com/artist/00AFbqxvdDK6T1D6MQZ9c1,album,21,2011-03-09,day,5Osg9PY5T3huZtKWjZPN3C,無限のdéjà-vu (THE GREAT VACATION -extra- Live ver.),https://p.scdn.co/mp3-preview/ec74216db53820a591980d905d74592e3fb88b64?cid=d636b62692f94f7ab8495b4d490e26cc,0.28,0.745,0,-4.746,1,0.0388,0.103,0.0,0.326,0.263,152.876,4
00FQb4jTyendYWaN8pK0wa,Lana Del Rey,5HOHne1wzItQlIYmLXLYfZ,Did you know that there's a tunnel under Ocean Blvd,art pop,40266213,92,https://i.scdn.co/image/ab6761610000e5ebb99cacf8acd5378206767261,https://open.spotify.com/artist/00FQb4jTyendYWaN8pK0wa,album,16,2023-03-24,day,5nW4z3pfZgJAJ2QTCz9AIE,A&W,,0.429,0.239,10,-14.696,1,0.11,0.632,0.389,0.116,0.137,157.112,4
00FQb4jTyendYWaN8pK0wa,Lana Del Rey,5HOHne1wzItQlIYmLXLYfZ,Did you know that there's a tunnel under Ocean Blvd,pop,40266213,92,https://i.scdn.co/image/ab6761610000e5ebb99cacf8acd5378206767261,https://open.spotify.com/artist/00FQb4jTyendYWaN8pK0wa,album,16,2023-03-24,day,5nW4z3pfZgJAJ2QTCz9AIE,A&W,,0.429,0.239,10,-14.696,1,0.11,0.632,0.389,0.116,0.137,157.112,4
001Ju8fxqMbobN0xjX7XPL,Samar Singh,7xmTSTQaRxz9uLEobcOoEn,Ganna Ke Ras,bhojpuri pop,558163,62,https://i.scdn.co/image/ab6761610000e5ebd329602f4f3465217b054140,https://open.spotify.com/artist/001Ju8fxqMbobN0xjX7XPL,album,9,2015-05-19,day,5nePwiHun5llcvfVUSVcQj,Mirza Ke Bhail Na Laika,https://p.scdn.co/mp3-preview/636c4ff187adc529aa4c8b6040d493252114f8ce?cid=05e2ff0a21954615b11878a9eb038e7f,0.683,0.987,6,0.32,1,0.248,0.209,0.0,0.341,0.795,80.015,4
00FQb4jTyendYWaN8pK0wa,Lana Del Rey,1ORxRsK3MrSLvh7VQTF01F,Ultraviolence (Deluxe),art pop,40266213,92,https://i.scdn.co/image/ab6761610000e5ebb99cacf8acd5378206767261,https://open.spotify.com/artist/00FQb4jTyendYWaN8pK0wa,album,14,2014-01-01,day,6IfPyMb0Sxptpx6jBUATOS,Old Money,,0.312,0.168,10,-12.476,0,0.0332,0.888,6.59E-6,0.147,0.154,108.115,1
00FQb4jTyendYWaN8pK0wa,Lana Del Rey,1ORxRsK3MrSLvh7VQTF01F,Ultraviolence (Deluxe),pop,40266213,92,https://i.scdn.co/image/ab6761610000e5ebb99cacf8acd5378206767261,https://open.spotify.com/artist/00FQb4jTyendYWaN8pK0wa,album,14,2014-01-01,day,6IfPyMb0Sxptpx6jBUATOS,Old Money,,0.312,0.168,10,-12.476,0,0.0332,0.888,6.59E-6,0.147,0.154,108.115,1
00LY9cN1x8xfhdAa1YJiyw,Gould Piano Trio,1XYP48ez3abuCRJ1C7VmLj,"Macmillan, Maxwell Davies, Beamish",classical piano trio,941,14,https://i.scdn.co/image/ab6761610000e5eb83d3efb7cdc5d9335c7d9503,https://open.spotify.com/artist/00LY9cN1x8xfhdAa1YJiyw,album,4,2015-02-09,day,6N11wJbqIpIftFViD2osJc,"Piano Trio, A Voyage to Fair Isle",https://p.scdn.co/mp3-preview/0e3834ec3e46f0226fe5449bf02de1a40e4b4784?cid=d636b62692f94f7ab8495b4d490e26cc,0.184,0.0251,0,-23.857,1,0.0452,0.939,0.16,0.0783,0.037,83.956,4
00FQb4jTyendYWaN8pK0wa,Lana Del Rey,1ORxRsK3MrSLvh7VQTF01F,Ultraviolence (Deluxe),art pop,40266213,92,https://i.scdn.co/image/ab6761610000e5ebb99cacf8acd5378206767261,https://open.spotify.com/artist/00FQb4jTyendYWaN8pK0wa,album,14,2014-01-01,day,6PnluwP0fjGnpIBsqTdUTq,Pretty When You Cry,,0.509,0.547,10,-6.548,0,0.0417,0.399,0.0,0.215,0.197,109.436,4
00FQb4jTyendYWaN8pK0wa,Lana Del Rey,1ORxRsK3MrSLvh7VQTF01F,Ultraviolence (Deluxe),pop,40266213,92,https://i.scdn.co/image/ab6761610000e5ebb99cacf8acd5378206767261,https://open.spotify.com/artist/00FQb4jTyendYWaN8pK0wa,album,14,2014-01-01,day,6PnluwP0fjGnpIBsqTdUTq,Pretty When You Cry,,0.509,0.547,10,-6.548,0,0.0417,0.399,0.0,0.215,0.197,109.436,4
00AFbqxvdDK6T1D6MQZ9c1,GLAY,5D4azLbqIv2gyOu8JUMON4,rare collectives vol.3,classic j-pop,590825,56,https://i.scdn.co/image/ab6761610000e5ebc200887e058b56ca63e60ead,https://open.spotify.com/artist/00AFbqxvdDK6T1D6MQZ9c1,album,21,2011-03-09,day,788EhQxDuENkxSmthDZnZ6,Lock on you,https://p.scdn.co/mp3-preview/916963801bb0e0659460a0f1d1b67415e9b3a262?cid=d636b62692f94f7ab8495b4d490e26cc,0.425,0.953,7,-2.775,1,0.0782,5.09E-4,3.55E-6,0.226,0.546,147.135,4
00AFbqxvdDK6T1D6MQZ9c1,GLAY,5D4azLbqIv2gyOu8JUMON4,rare collectives vol.3,j-pop,590825,56,https://i.scdn.co/image/ab6761610000e5ebc200887e058b56ca63e60ead,https://open.spotify.com/artist/00AFbqxvdDK6T1D6MQZ9c1,album,21,2011-03-09,day,788EhQxDuENkxSmthDZnZ6,Lock on you,https://p.scdn.co/mp3-preview/916963801bb0e0659460a0f1d1b67415e9b3a262?cid=d636b62692f94f7ab8495b4d490e26cc,0.425,0.953,7,-2.775,1,0.0782,5.09E-4,3.55E-6,0.226,0.546,147.135,4
00PLVqZ4oaOmbI4lacLUBO,Stiftelsen,50LvvIZ5oazHY9mJfBnq9F,Dopet,classic swedish pop,237999,53,https://i.scdn.co/image/ab6761610000e5eb9fd5de5ba2ae6769e75dc318,https://open.spotify.com/artist/00PLVqZ4oaOmbI4lacLUBO,album,7,2013-10-30,day,7a1PG9daC3udX5CXMZhY6h,Avalon,https://p.scdn.co/mp3-preview/f35b74150de97504f4e2b8b1e214ffd4b3ce46dc?cid=05e2ff0a21954615b11878a9eb038e7f,0.554,0.918,5,-4.594,1,0.0379,0.00114,4.89E-5,0.132,0.808,153.026,4
00AFbqxvdDK6T1D6MQZ9c1,GLAY,1DD11BvoRKXvVj4kG3hfES,MUSIC LIFE 豪華盤 BALLADE BEST☆MELODIES,classic j-pop,590825,56,https://i.scdn.co/image/ab6761610000e5ebc200887e058b56ca63e60ead,https://open.spotify.com/artist/00AFbqxvdDK6T1D6MQZ9c1,album,25,2014-11-05,day,0fbEaZIkRSPQX0kFLRZEsh,Satellite of love,https://p.scdn.co/mp3-preview/f1f9f7b708914f70781a206c1a5e2f389f6bd0f1?cid=d636b62692f94f7ab8495b4d490e26cc,0.456,0.548,11,-6.766,1,0.0322,0.0821,0.0,0.156,0.406,85.116,4
00AFbqxvdDK6T1D6MQZ9c1,GLAY,1DD11BvoRKXvVj4kG3hfES,MUSIC LIFE 豪華盤 BALLADE BEST☆MELODIES,j-pop,590825,56,https://i.scdn.co/image/ab6761610000e5ebc200887e058b56ca63e60ead,https://open.spotify.com/artist/00AFbqxvdDK6T1D6MQZ9c1,album,25,2014-11-05,day,0fbEaZIkRSPQX0kFLRZEsh,Satellite of love,https://p.scdn.co/mp3-preview/f1f9f7b708914f70781a206c1a5e2f389f6bd0f1?cid=d636b62692f94f7ab8495b4d490e26cc,0.456,0.548,11,-6.766,1,0.0322,0.0821,0.0,0.156,0.406,85.116,4
00AFbqxvdDK6T1D6MQZ9c1,GLAY,3h6ncijGgNhk2uUtdNL64I,SUMMERDELICS,classic j-pop,590825,56,https://i.scdn.co/image/ab6761610000e5ebc200887e058b56ca63e60ead,https://open.spotify.com/artist/00AFbqxvdDK6T1D6MQZ9c1,album,14,2017-07-12,day,0gFLZjO6004m2m1jJSMYl7,HEROES,https://p.scdn.co/mp3-preview/4bf541226bed4131bc96adb57b11b4c345e5b999?cid=d636b62692f94f7ab8495b4d490e26cc,0.511,0.945,5,-2.575,1,0.0446,0.0281,0.0,0.32,0.639,107.034,4
00AFbqxvdDK6T1D6MQZ9c1,GLAY,3h6ncijGgNhk2uUtdNL64I,SUMMERDELICS,j-pop,590825,56,https://i.scdn.co/image/ab6761610000e5ebc200887e058b56ca63e60ead,https://open.spotify.com/artist/00AFbqxvdDK6T1D6MQZ9c1,album,14,2017-07-12,day,0gFLZjO6004m2m1jJSMYl7,HEROES,https://p.scdn.co/mp3-preview/4bf541226bed4131bc96adb57b11b4c345e5b999?cid=d636b62692f94f7ab8495b4d490e26cc,0.511,0.945,5,-2.575,1,0.0446,0.0281,0.0,0.32,0.639,107.034,4
00PLVqZ4oaOmbI4lacLUBO,Stiftelsen,2onlPQBUlUP3eUExmNaWBf,Moder Jord,classic swedish pop,237999,53,https://i.scdn.co/image/ab6761610000e5eb9fd5de5ba2ae6769e75dc318,https://open.spotify.com/artist/00PLVqZ4oaOmbI4lacLUBO,album,10,2020-08-28,day,0gaHysWSV1nKS9VivBj0NI,Oro istället för kraft,,0.68,0.755,0,-5.058,1,0.0262,0.345,6.26E-6,0.132,0.645,128.056,4
00LY9cN1x8xfhdAa1YJiyw,Gould Piano Trio,60YhXNdGtNqAjdEE1Ro0XW,"Clarke, Ives & Beach: Piano Trios",classical piano trio,941,14,https://i.scdn.co/image/ab6761610000e5eb83d3efb7cdc5d9335c7d9503,https://open.spotify.com/artist/00LY9cN1x8xfhdAa1YJiyw,album,9,2020-10-30,day,0gxCJitjoBVzSqEJEdGsOx,Piano Trio: II. Andante molto semplice,https://p.scdn.co/mp3-preview/8571c75c92f1e5e2e319008f7c5efe9e5b0e3136?cid=d636b62692f94f7ab8495b4d490e26cc,0.176,0.0201,7,-27.913,1,0.0404,0.978,0.212,0.0638,0.0291,112.031,3
00AFbqxvdDK6T1D6MQZ9c1,GLAY,2CnejDvjKxfR0ejJvmxXlL,MUSIC LIFE,classic j-pop,590825,56,https://i.scdn.co/image/ab6761610000e5ebc200887e058b56ca63e60ead,https://open.spotify.com/artist/00AFbqxvdDK6T1D6MQZ9c1,album,11,2014-11-05,day,0pEupPrEcNFLCBhhvZWCKl,Only Yesterday,https://p.scdn.co/mp3-preview/3ff0a3e8658d4153358f7ab21f97aa12725dc018?cid=d636b62692f94f7ab8495b4d490e26cc,0.577,0.951,2,-2.829,1,0.0513,0.00143,0.0,0.332,0.734,119.979,4
00AFbqxvdDK6T1D6MQZ9c1,GLAY,2CnejDvjKxfR0ejJvmxXlL,MUSIC LIFE,j-pop,590825,56,https://i.scdn.co/image/ab6761610000e5ebc200887e058b56ca63e60ead,https://open.spotify.com/artist/00AFbqxvdDK6T1D6MQZ9c1,album,11,2014-11-05,day,0pEupPrEcNFLCBhhvZWCKl,Only Yesterday,https://p.scdn.co/mp3-preview/3ff0a3e8658d4153358f7ab21f97aa12725dc018?cid=d636b62692f94f7ab8495b4d490e26cc,0.577,0.951,2,-2.829,1,0.0513,0.00143,0.0,0.332,0.734,119.979,4
00AFbqxvdDK6T1D6MQZ9c1,GLAY,3h6ncijGgNhk2uUtdNL64I,SUMMERDELICS,classic j-pop,590825,56,https://i.scdn.co/image/ab6761610000e5ebc200887e058b56ca63e60ead,https://open.spotify.com/artist/00AFbqxvdDK6T1D6MQZ9c1,album,14,2017-07-12,day,12BtDBm8a9iIovYx563Xbv,the other end of the globe,https://p.scdn.co/mp3-preview/b98c1582c591068c01550b9d714e2f0271f1473f?cid=d636b62692f94f7ab8495b4d490e26cc,0.511,0.89,0,-4.063,1,0.0408,0.00141,0.0,0.29,0.528,136.064,4
00AFbqxvdDK6T1D6MQZ9c1,GLAY,3h6ncijGgNhk2uUtdNL64I,SUMMERDELICS,j-pop,590825,56,https://i.scdn.co/image/ab6761610000e5ebc200887e058b56ca63e60ead,https://open.spotify.com/artist/00AFbqxvdDK6T1D6MQZ9c1,album,14,2017-07-12,day,12BtDBm8a9iIovYx563Xbv,the other end of the globe,https://p.scdn.co/mp3-preview/b98c1582c591068c01550b9d714e2f0271f1473f?cid=d636b62692f94f7ab8495b4d490e26cc,0.511,0.89,0,-4.063,1,0.0408,0.00141,0.0,0.29,0.528,136.064,4
00PLVqZ4oaOmbI4lacLUBO,Stiftelsen,2onlPQBUlUP3eUExmNaWBf,Moder Jord,classic swedish pop,237999,53,https://i.scdn.co/image/ab6761610000e5eb9fd5de5ba2ae6769e75dc318,https://open.spotify.com/artist/00PLVqZ4oaOmbI4lacLUBO,album,10,2020-08-28,day,13ZhnJkpF4ZqDWUsHZ0ahJ,Sov med änglarna,,0.637,0.694,4,-7.084,0,0.0297,0.655,4.36E-5,0.0733,0.777,125.997,4
00AFbqxvdDK6T1D6MQZ9c1,GLAY,2CnejDvjKxfR0ejJvmxXlL,MUSIC LIFE,classic j-pop,590825,56,https://i.scdn.co/image/ab6761610000e5ebc200887e058b56ca63e60ead,https://open.spotify.com/artist/00AFbqxvdDK6T1D6MQZ9c1,album,11,2014-11-05,day,17CgyVXwoi7cqpBLk66wJR,DARK RIVER,https://p.scdn.co/mp3-preview/78aeb3e37c433e8e0b6710c7ee7bbe3bb90e353f?cid=d636b62692f94f7ab8495b4d490e26cc,0.506,0.905,9,-2.813,0,0.039,0.0279,0.0,0.274,0.582,107.016,4
00AFbqxvdDK6T1D6MQZ9c1,GLAY,2CnejDvjKxfR0ejJvmxXlL,MUSIC LIFE,j-pop,590825,56,https://i.scdn.co/image/ab6761610000e5ebc200887e058b56ca63e60ead,https://open.spotify.com/artist/00AFbqxvdDK6T1D6MQZ9c1,album,11,2014-11-05,day,17CgyVXwoi7cqpBLk66wJR,DARK RIVER,https://p.scdn.co/mp3-preview/78aeb3e37c433e8e0b6710c7ee7bbe3bb90e353f?cid=d636b62692f94f7ab8495b4d490e26cc,0.506,0.905,9,-2.813,0,0.039,0.0279,0.0,0.274,0.582,107.016,4
00AFbqxvdDK6T1D6MQZ9c1,GLAY,1DD11BvoRKXvVj4kG3hfES,MUSIC LIFE 豪華盤 BALLADE BEST☆MELODIES,classic j-pop,590825,56,https://i.scdn.co/image/ab6761610000e5ebc200887e058b56ca63e60ead,https://open.spotify.com/artist/00AFbqxvdDK6T1D6MQZ9c1,album,25,2014-11-05,day,1KsKKh3nA6HaWmIaLUd9Bw,Only Yesterday,https://p.scdn.co/mp3-preview/3ff0a3e8658d4153358f7ab21f97aa12725dc018?cid=d636b62692f94f7ab8495b4d490e26cc,0.577,0.951,2,-2.829,1,0.0513,0.00143,0.0,0.332,0.734,119.979,4
00AFbqxvdDK6T1D6MQZ9c1,GLAY,1DD11BvoRKXvVj4kG3hfES,MUSIC LIFE 豪華盤 BALLADE BEST☆MELODIES,j-pop,590825,56,https://i.scdn.co/image/ab6761610000e5ebc200887e058b56ca63e60ead,https://open.spotify.com/artist/00AFbqxvdDK6T1D6MQZ9c1,album,25,2014-11-05,day,1KsKKh3nA6HaWmIaLUd9Bw,Only Yesterday,https://p.scdn.co/mp3-preview/3ff0a3e8658d4153358f7ab21f97aa12725dc018?cid=d636b62692f94f7ab8495b4d490e26cc,0.577,0.951,2,-2.829,1,0.0513,0.00143,0.0,0.332,0.734,119.979,4
00AFbqxvdDK6T1D6MQZ9c1,GLAY,2xxavDwdNZwRTxuZkrx644,HEAVY GAUGE,classic j-pop,590825,56,https://i.scdn.co/image/ab6761610000e5ebc200887e058b56ca63e60ead,https://open.spotify.com/artist/00AFbqxvdDK6T1D6MQZ9c1,album,12,1999-10-20,day,1b1bEe2i5q4VHm7beUGPy1,LEVEL DEVIL,https://p.scdn.co/mp3-preview/8924bb57ed1e6a1d832e46415feab7b5c30f5cad?cid=d636b62692f94f7ab8495b4d490e26cc,0.284,0.855,9,-5.861,1,0.0771,0.00815,4.59E-5,0.0614,0.562,146.014,4
00AFbqxvdDK6T1D6MQZ9c1,GLAY,2xxavDwdNZwRTxuZkrx644,HEAVY GAUGE,j-pop,590825,56,https://i.scdn.co/image/ab6761610000e5ebc200887e058b56ca63e60ead,https://open.spotify.com/artist/00AFbqxvdDK6T1D6MQZ9c1,album,12,1999-10-20,day,1b1bEe2i5q4VHm7beUGPy1,LEVEL DEVIL,https://p.scdn.co/mp3-preview/8924bb57ed1e6a1d832e46415feab7b5c30f5cad?cid=d636b62692f94f7ab8495b4d490e26cc,0.284,0.855,9,-5.861,1,0.0771,0.00815,4.59E-5,0.0614,0.562,146.014,4
00AFbqxvdDK6T1D6MQZ9c1,GLAY,3CbMgewyUxXD1J2dH19QXB,rare collectives vol.2,classic j-pop,590825,56,https://i.scdn.co/image/ab6761610000e5ebc200887e058b56ca63e60ead,https://open.spotify.com/artist/00AFbqxvdDK6T1D6MQZ9c1,album,22,2003-02-05,day,1j1li833nicYz5kbWD22jx,卒業まで、あと少し,https://p.scdn.co/mp3-preview/c72adbdebf7c525562d5190818924e264b7a0f5e?cid=d636b62692f94f7ab8495b4d490e26cc,0.371,0.541,2,-6.89,1,0.026,0.121,0.0,0.116,0.51,154.573,4
00AFbqxvdDK6T1D6MQZ9c1,GLAY,3CbMgewyUxXD1J2dH19QXB,rare collectives vol.2,j-pop,590825,56,https://i.scdn.co/image/ab6761610000e5ebc200887e058b56ca63e60ead,https://open.spotify.com/artist/00AFbqxvdDK6T1D6MQZ9c1,album,22,2003-02-05,day,1j1li833nicYz5kbWD22jx,卒業まで、あと少し,https://p.scdn.co/mp3-preview/c72adbdebf7c525562d5190818924e264b7a0f5e?cid=d636b62692f94f7ab8495b4d490e26cc,0.371,0.541,2,-6.89,1,0.026,0.121,0.0,0.116,0.51,154.573,4
00CEIWvwRzWGVahslNZW0Z,Hernan Sepulveda,3E4pCWEDQKHYvw90wCJzEK,A Mi Estilo,,7963,57,https://i.scdn.co/image/ab6761610000e5eba0d873203001d23111551140,https://open.spotify.com/artist/00CEIWvwRzWGVahslNZW0Z,album,13,2023-12-08,day,1pjykMmTGu9dE1xu9GUEJa,Pa´ Que Son Pasiones,https://p.scdn.co/mp3-preview/5c2510d490ec43241d153c889f32145a07271ff6?cid=05e2ff0a21954615b11878a9eb038e7f,0.698,0.462,8,-7.238,1,0.0402,0.226,1.83E-5,0.088,0.922,119.971,4
00AFbqxvdDK6T1D6MQZ9c1,GLAY,2xxavDwdNZwRTxuZkrx644,HEAVY GAUGE,classic j-pop,590825,56,https://i.scdn.co/image/ab6761610000e5ebc200887e058b56ca63e60ead,https://open.spotify.com/artist/00AFbqxvdDK6T1D6MQZ9c1,album,12,1999-10-20,day,1uBGAy8qCjLmLEgrxakE45,Savile Row ~サヴィル ロウ 3番地~,https://p.scdn.co/mp3-preview/4b92f796d9ef96d9b1507975887b92d6f02888ba?cid=d636b62692f94f7ab8495b4d490e26cc,0.53,0.748,2,-6.367,1,0.0282,0.0131,0.0,0.117,0.744,119.009,4
00AFbqxvdDK6T1D6MQZ9c1,GLAY,2xxavDwdNZwRTxuZkrx644,HEAVY GAUGE,j-pop,590825,56,https://i.scdn.co/image/ab6761610000e5ebc200887e058b56ca63e60ead,https://open.spotify.com/artist/00AFbqxvdDK6T1D6MQZ9c1,album,12,1999-10-20,day,1uBGAy8qCjLmLEgrxakE45,Savile Row ~サヴィル ロウ 3番地~,https://p.scdn.co/mp3-preview/4b92f796d9ef96d9b1507975887b92d6f02888ba?cid=d636b62692f94f7ab8495b4d490e26cc,0.53,0.748,2,-6.367,1,0.0282,0.0131,0.0,0.117,0.744,119.009,4
00FQb4jTyendYWaN8pK0wa,Lana Del Rey,7xYiTrbTL57QO0bb4hXIKo,Lust For Life,art pop,40266213,92,https://i.scdn.co/image/ab6761610000e5ebb99cacf8acd5378206767261,https://open.spotify.com/artist/00FQb4jTyendYWaN8pK0wa,album,16,2017-07-21,day,269xqcgGTN9PlivhUkOLhX,In My Feelings,,0.54,0.674,2,-6.351,1,0.0802,0.0553,0.0608,0.112,0.309,89.933,4
00FQb4jTyendYWaN8pK0wa,Lana Del Rey,7xYiTrbTL57QO0bb4hXIKo,Lust For Life,pop,40266213,92,https://i.scdn.co/image/ab6761610000e5ebb99cacf8acd5378206767261,https://open.spotify.com/artist/00FQb4jTyendYWaN8pK0wa,album,16,2017-07-21,day,269xqcgGTN9PlivhUkOLhX,In My Feelings,,0.54,0.674,2,-6.351,1,0.0802,0.0553,0.0608,0.112,0.309,89.933,4
00AFbqxvdDK6T1D6MQZ9c1,GLAY,1DD11BvoRKXvVj4kG3hfES,MUSIC LIFE 豪華盤 BALLADE BEST☆MELODIES,classic j-pop,590825,56,https://i.scdn.co/image/ab6761610000e5ebc200887e058b56ca63e60ead,https://open.spotify.com/artist/00AFbqxvdDK6T1D6MQZ9c1,album,25,2014-11-05,day,26O90GYDXedXv6s5UAOc6X,BELOVED,https://p.scdn.co/mp3-preview/d33405c591cfc962970dbb4facba34a1138d2746?cid=d636b62692f94f7ab8495b4d490e26cc,0.498,0.907,5,-4.805,1,0.0382,0.00273,9.19E-5,0.146,0.659,111.552,4
00AFbqxvdDK6T1D6MQZ9c1,GLAY,1DD11BvoRKXvVj4kG3hfES,MUSIC LIFE 豪華盤 BALLADE BEST☆MELODIES,j-pop,590825,56,https://i.scdn.co/image/ab6761610000e5ebc200887e058b56ca63e60ead,https://open.spotify.com/artist/00AFbqxvdDK6T1D6MQZ9c1,album,25,2014-11-05,day,26O90GYDXedXv6s5UAOc6X,BELOVED,https://p.scdn.co/mp3-preview/d33405c591cfc962970dbb4facba34a1138d2746?cid=d636b62692f94f7ab8495b4d490e26cc,0.498,0.907,5,-4.805,1,0.0382,0.00273,9.19E-5,0.146,0.659,111.552,4
00PLVqZ4oaOmbI4lacLUBO,Stiftelsen,2onlPQBUlUP3eUExmNaWBf,Moder Jord,classic swedish pop,237999,53,https://i.scdn.co/image/ab6761610000e5eb9fd5de5ba2ae6769e75dc318,https://open.spotify.com/artist/00PLVqZ4oaOmbI4lacLUBO,album,10,2020-08-28,day,27GoBJbvNBNw82dNcKLGAc,Moder jord,,0.525,0.127,0,-9.497,1,0.0481,0.899,0.0,0.12,0.383,145.838,4
00AFbqxvdDK6T1D6MQZ9c1,GLAY,3CbMgewyUxXD1J2dH19QXB,rare collectives vol.2,classic j-pop,590825,56,https://i.scdn.co/image/ab6761610000e5ebc200887e058b56ca63e60ead,https://open.spotify.com/artist/00AFbqxvdDK6T1D6MQZ9c1,album,22,2003-02-05,day,2CSYNhac60fWSVcxCqZGcW,TIME,https://p.scdn.co/mp3-preview/d9aa1f4dd1fa84d5b21dd3a4a9c9ca5e5e71c9a9?cid=d636b62692f94f7ab8495b4d490e26cc,0.57,0.828,7,-4.682,1,0.0265,0.106,0.00307,0.0918,0.552,126.051,4
00AFbqxvdDK6T1D6MQZ9c1,GLAY,3CbMgewyUxXD1J2dH19QXB,rare collectives vol.2,j-pop,590825,56,https://i.scdn.co/image/ab6761610000e5ebc200887e058b56ca63e60ead,https://open.spotify.com/artist/00AFbqxvdDK6T1D6MQZ9c1,album,22,2003-02-05,day,2CSYNhac60fWSVcxCqZGcW,TIME,https://p.scdn.co/mp3-preview/d9aa1f4dd1fa84d5b21dd3a4a9c9ca5e5e71c9a9?cid=d636b62692f94f7ab8495b4d490e26cc,0.57,0.828,7,-4.682,1,0.0265,0.106,0.00307,0.0918,0.552,126.051,4
00FQb4jTyendYWaN8pK0wa,Lana Del Rey,7xYiTrbTL57QO0bb4hXIKo,Lust For Life,art pop,40266213,92,https://i.scdn.co/image/ab6761610000e5ebb99cacf8acd5378206767261,https://open.spotify.com/artist/00FQb4jTyendYWaN8pK0wa,album,16,2017-07-21,day,2Kerz9H9IejzeIpjhDJoYG,Love,,0.527,0.366,10,-10.943,1,0.0277,0.487,0.0023,0.11,0.234,98.994,4
00FQb4jTyendYWaN8pK0wa,Lana Del Rey,7xYiTrbTL57QO0bb4hXIKo,Lust For Life,pop,40266213,92,https://i.scdn.co/image/ab6761610000e5ebb99cacf8acd5378206767261,https://open.spotify.com/artist/00FQb4jTyendYWaN8pK0wa,album,16,2017-07-21,day,2Kerz9H9IejzeIpjhDJoYG,Love,,0.527,0.366,10,-10.943,1,0.0277,0.487,0.0023,0.11,0.234,98.994,4
00CEIWvwRzWGVahslNZW0Z,Hernan Sepulveda,3E4pCWEDQKHYvw90wCJzEK,A Mi Estilo,,7963,57,https://i.scdn.co/image/ab6761610000e5eba0d873203001d23111551140,https://open.spotify.com/artist/00CEIWvwRzWGVahslNZW0Z,album,13,2023-12-08,day,2X2S5XA0DYQEOJp4qwBYyA,El Sillón,https://p.scdn.co/mp3-preview/ffccfc4c6fc317085c8bf6bb916189906a08d695?cid=05e2ff0a21954615b11878a9eb038e7f,0.677,0.383,2,-8.345,0,0.0467,0.225,2.74E-5,0.151,0.75,116.942,4
00AFbqxvdDK6T1D6MQZ9c1,GLAY,3h6ncijGgNhk2uUtdNL64I,SUMMERDELICS,classic j-pop,590825,56,https://i.scdn.co/image/ab6761610000e5ebc200887e058b56ca63e60ead,https://open.spotify.com/artist/00AFbqxvdDK6T1D6MQZ9c1,album,14,2017-07-12,day,2gsKR1fg1bk5Aant1Uhn2j,空が青空であるために,https://p.scdn.co/mp3-preview/720c1fee8dc9519d700065fe51ef2947653f68c2?cid=d636b62692f94f7ab8495b4d490e26cc,0.291,0.919,2,-3.038,1,0.0657,0.0175,0.0,0.367,0.398,200.032,4
00AFbqxvdDK6T1D6MQZ9c1,GLAY,3h6ncijGgNhk2uUtdNL64I,SUMMERDELICS,j-pop,590825,56,https://i.scdn.co/image/ab6761610000e5ebc200887e058b56ca63e60ead,https://open.spotify.com/artist/00AFbqxvdDK6T1D6MQZ9c1,album,14,2017-07-12,day,2gsKR1fg1bk5Aant1Uhn2j,空が青空であるために,https://p.scdn.co/mp3-preview/720c1fee8dc9519d700065fe51ef2947653f68c2?cid=d636b62692f94f7ab8495b4d490e26cc,0.291,0.919,2,-3.038,1,0.0657,0.0175,0.0,0.367,0.398,200.032,4
00FQb4jTyendYWaN8pK0wa,Lana Del Rey,7xYiTrbTL57QO0bb4hXIKo,Lust For Life,art pop,40266213,92,https://i.scdn.co/image/ab6761610000e5ebb99cacf8acd5378206767261,https://open.spotify.com/artist/00FQb4jTyendYWaN8pK0wa,album,16,2017-07-21,day,3O7p9Itz8PXUoAjD2vmuM6,Beautiful People Beautiful Problems (feat. Stevie Nicks),,0.509,0.43,5,-8.387,1,0.0325,0.834,8.54E-4,0.0927,0.128,122.919,4
00FQb4jTyendYWaN8pK0wa,Lana Del Rey,7xYiTrbTL57QO0bb4hXIKo,Lust For Life,pop,40266213,92,https://i.scdn.co/image/ab6761610000e5ebb99cacf8acd5378206767261,https://open.spotify.com/artist/00FQb4jTyendYWaN8pK0wa,album,16,2017-07-21,day,3O7p9Itz8PXUoAjD2vmuM6,Beautiful People Beautiful Problems (feat. Stevie Nicks),,0.509,0.43,5,-8.387,1,0.0325,0.834,8.54E-4,0.0927,0.128,122.919,4
00AFbqxvdDK6T1D6MQZ9c1,GLAY,1DD11BvoRKXvVj4kG3hfES,MUSIC LIFE 豪華盤 BALLADE BEST☆MELODIES,classic j-pop,590825,56,https://i.scdn.co/image/ab6761610000e5ebc200887e058b56ca63e60ead,https://open.spotify.com/artist/00AFbqxvdDK6T1D6MQZ9c1,album,25,2014-11-05,day,3RU95YjDPEXgMK0YnTkY9r,pure soul,https://p.scdn.co/mp3-preview/85da051006b8cabdaad59b51d9ba73ecfc497a29?cid=d636b62692f94f7ab8495b4d490e26cc,0.482,0.829,2,-5.365,1,0.0293,0.0298,0.0,0.169,0.539,134.284,4
00AFbqxvdDK6T1D6MQZ9c1,GLAY,1DD11BvoRKXvVj4kG3hfES,MUSIC LIFE 豪華盤 BALLADE BEST☆MELODIES,j-pop,590825,56,https://i.scdn.co/image/ab6761610000e5ebc200887e058b56ca63e60ead,https://open.spotify.com/artist/00AFbqxvdDK6T1D6MQZ9c1,album,25,2014-11-05,day,3RU95YjDPEXgMK0YnTkY9r,pure soul,https://p.scdn.co/mp3-preview/85da051006b8cabdaad59b51d9ba73ecfc497a29?cid=d636b62692f94f7ab8495b4d490e26cc,0.482,0.829,2,-5.365,1,0.0293,0.0298,0.0,0.169,0.539,134.284,4
00AFbqxvdDK6T1D6MQZ9c1,GLAY,3CbMgewyUxXD1J2dH19QXB,rare collectives vol.2,classic j-pop,590825,56,https://i.scdn.co/image/ab6761610000e5ebc200887e058b56ca63e60ead,https://open.spotify.com/artist/00AFbqxvdDK6T1D6MQZ9c1,album,22,2003-02-05,day,3U2tw2hFs0ysJSKhWM4G5Q,Cynical,https://p.scdn.co/mp3-preview/51c7d789f57c2f76aaa08d7feecd93986453ed2a?cid=d636b62692f94f7ab8495b4d490e26cc,0.392,0.968,4,-3.269,1,0.0883,0.00114,0.0,0.369,0.649,144.457,4
00AFbqxvdDK6T1D6MQZ9c1,GLAY,3CbMgewyUxXD1J2dH19QXB,rare collectives vol.2,j-pop,590825,56,https://i.scdn.co/image/ab6761610000e5ebc200887e058b56ca63e60ead,https://open.spotify.com/artist/00AFbqxvdDK6T1D6MQZ9c1,album,22,2003-02-05,day,3U2tw2hFs0ysJSKhWM4G5Q,Cynical,https://p.scdn.co/mp3-preview/51c7d789f57c2f76aaa08d7feecd93986453ed2a?cid=d636b62692f94f7ab8495b4d490e26cc,0.392,0.968,4,-3.269,1,0.0883,0.00114,0.0,0.369,0.649,144.457,4
00AFbqxvdDK6T1D6MQZ9c1,GLAY,3CbMgewyUxXD1J2dH19QXB,rare collectives vol.2,classic j-pop,590825,56,https://i.scdn.co/image/ab6761610000e5ebc200887e058b56ca63e60ead,https://open.spotify.com/artist/00AFbqxvdDK6T1D6MQZ9c1,album,22,2003-02-05,day,3mFx0dp1X975yRsO1oakTR,アイ,https://p.scdn.co/mp3-preview/17b1a93d1fe486d5976303958b3ce5c9f2993be3?cid=d636b62692f94f7ab8495b4d490e26cc,0.359,0.985,5,-1.482,1,0.124,0.00188,2.48E-5,0.27,0.32,165.02,4
00AFbqxvdDK6T1D6MQZ9c1,GLAY,3CbMgewyUxXD1J2dH19QXB,rare collectives vol.2,j-pop,590825,56,https://i.scdn.co/image/ab6761610000e5ebc200887e058b56ca63e60ead,https://open.spotify.com/artist/00AFbqxvdDK6T1D6MQZ9c1,album,22,2003-02-05,day,3mFx0dp1X975yRsO1oakTR,アイ,https://p.scdn.co/mp3-preview/17b1a93d1fe486d5976303958b3ce5c9f2993be3?cid=d636b62692f94f7ab8495b4d490e26cc,0.359,0.985,5,-1.482,1,0.124,0.00188,2.48E-5,0.27,0.32,165.02,4
00FQb4jTyendYWaN8pK0wa,Lana Del Rey,2DpEBrjCur1ythIZ10gJWw,Honeymoon,art pop,40266213,92,https://i.scdn.co/image/ab6761610000e5ebb99cacf8acd5378206767261,https://open.spotify.com/artist/00FQb4jTyendYWaN8pK0wa,album,14,2015-09-18,day,3sYDVtqO35oRSOIMx7dOqR,Freak,,0.287,0.43,5,-10.014,0,0.033,0.269,5.79E-4,0.32,0.109,93.984,4
00FQb4jTyendYWaN8pK0wa,Lana Del Rey,2DpEBrjCur1ythIZ10gJWw,Honeymoon,pop,40266213,92,https://i.scdn.co/image/ab6761610000e5ebb99cacf8acd5378206767261,https://open.spotify.com/artist/00FQb4jTyendYWaN8pK0wa,album,14,2015-09-18,day,3sYDVtqO35oRSOIMx7dOqR,Freak,,0.287,0.43,5,-10.014,0,0.033,0.269,5.79E-4,0.32,0.109,93.984,4
00AFbqxvdDK6T1D6MQZ9c1,GLAY,2CnejDvjKxfR0ejJvmxXlL,MUSIC LIFE,classic j-pop,590825,56,https://i.scdn.co/image/ab6761610000e5ebc200887e058b56ca63e60ead,https://open.spotify.com/artist/00AFbqxvdDK6T1D6MQZ9c1,album,11,2014-11-05,day,3v5OHGexPg8j0rBMH6nclt,Hospital pm9,https://p.scdn.co/mp3-preview/f5bc473039d90b2da1198d15444c2912918770b9?cid=d636b62692f94f7ab8495b4d490e26cc,0.578,0.393,2,-7.38,1,0.027,0.425,0.0,0.0735,0.22,84.015,4
00AFbqxvdDK6T1D6MQZ9c1,GLAY,2CnejDvjKxfR0ejJvmxXlL,MUSIC LIFE,j-pop,590825,56,https://i.scdn.co/image/ab6761610000e5ebc200887e058b56ca63e60ead,https://open.spotify.com/artist/00AFbqxvdDK6T1D6MQZ9c1,album,11,2014-11-05,day,3v5OHGexPg8j0rBMH6nclt,Hospital pm9,https://p.scdn.co/mp3-preview/f5bc473039d90b2da1198d15444c2912918770b9?cid=d636b62692f94f7ab8495b4d490e26cc,0.578,0.393,2,-7.38,1,0.027,0.425,0.0,0.0735,0.22,84.015,4
00FQb4jTyendYWaN8pK0wa,Lana Del Rey,2DpEBrjCur1ythIZ10gJWw,Honeymoon,art pop,40266213,92,https://i.scdn.co/image/ab6761610000e5ebb99cacf8acd5378206767261,https://open.spotify.com/artist/00FQb4jTyendYWaN8pK0wa,album,14,2015-09-18,day,44JxL1qNXXQYniZ5T3MUs9,Terrence Loves You,,0.296,0.25,7,-10.088,1,0.0314,0.975,0.0187,0.0988,0.0898,102.031,1
00FQb4jTyendYWaN8pK0wa,Lana Del Rey,2DpEBrjCur1ythIZ10gJWw,Honeymoon,pop,40266213,92,https://i.scdn.co/image/ab6761610000e5ebb99cacf8acd5378206767261,https://open.spotify.com/artist/00FQb4jTyendYWaN8pK0wa,album,14,2015-09-18,day,44JxL1qNXXQYniZ5T3MUs9,Terrence Loves You,,0.296,0.25,7,-10.088,1,0.0314,0.975,0.0187,0.0988,0.0898,102.031,1
00CEIWvwRzWGVahslNZW0Z,Hernan Sepulveda,3E4pCWEDQKHYvw90wCJzEK,A Mi Estilo,,7963,57,https://i.scdn.co/image/ab6761610000e5eba0d873203001d23111551140,https://open.spotify.com/artist/00CEIWvwRzWGVahslNZW0Z,album,13,2023-12-08,day,4P3bOojG8isPqlp7X7z3mq,Rosas Blancas,https://p.scdn.co/mp3-preview/fe5f36b0c07ee8d7b7d58e545dbd24defcc5c184?cid=05e2ff0a21954615b11878a9eb038e7f,0.404,0.281,8,-9.729,1,0.0378,0.203,0.0,0.108,0.702,172.746,4
00FQb4jTyendYWaN8pK0wa,Lana Del Rey,2DpEBrjCur1ythIZ10gJWw,Honeymoon,art pop,40266213,92,https://i.scdn.co/image/ab6761610000e5ebb99cacf8acd5378206767261,https://open.spotify.com/artist/00FQb4jTyendYWaN8pK0wa,album,14,2015-09-18,day,4X5zaUdlRhvBWYnyQIKmH8,Honeymoon,,0.169,0.269,5,-13.265,0,0.036,0.953,0.00828,0.111,0.173,74.847,3
00FQb4jTyendYWaN8pK0wa,Lana Del Rey,2DpEBrjCur1ythIZ10gJWw,Honeymoon,pop,40266213,92,https://i.scdn.co/image/ab6761610000e5ebb99cacf8acd5378206767261,https://open.spotify.com/artist/00FQb4jTyendYWaN8pK0wa,album,14,2015-09-18,day,4X5zaUdlRhvBWYnyQIKmH8,Honeymoon,,0.169,0.269,5,-13.265,0,0.036,0.953,0.00828,0.111,0.173,74.847,3
00AFbqxvdDK6T1D6MQZ9c1,GLAY,1DD11BvoRKXvVj4kG3hfES,MUSIC LIFE 豪華盤 BALLADE BEST☆MELODIES,classic j-pop,590825,56,https://i.scdn.co/image/ab6761610000e5ebc200887e058b56ca63e60ead,https://open.spotify.com/artist/00AFbqxvdDK6T1D6MQZ9c1,album,25,2014-11-05,day,4dlYL7Lj5hvem5PQ2DIamD,HOWEVER,https://p.scdn.co/mp3-preview/9a222e76e59f17cbcf6089795f82163a6dba3d38?cid=d636b62692f94f7ab8495b4d490e26cc,0.324,0.765,0,-6.099,1,0.0451,0.128,0.0,0.0836,0.387,173.44,4
00AFbqxvdDK6T1D6MQZ9c1,GLAY,1DD11BvoRKXvVj4kG3hfES,MUSIC LIFE 豪華盤 BALLADE BEST☆MELODIES,j-pop,590825,56,https://i.scdn.co/image/ab6761610000e5ebc200887e058b56ca63e60ead,https://open.spotify.com/artist/00AFbqxvdDK6T1D6MQZ9c1,album,25,2014-11-05,day,4dlYL7Lj5hvem5PQ2DIamD,HOWEVER,https://p.scdn.co/mp3-preview/9a222e76e59f17cbcf6089795f82163a6dba3d38?cid=d636b62692f94f7ab8495b4d490e26cc,0.324,0.765,0,-6.099,1,0.0451,0.128,0.0,0.0836,0.387,173.44,4
001Ju8fxqMbobN0xjX7XPL,Samar Singh,4Dwe1BxqygS8m6Aic8FLju,Holi No 01,bhojpuri pop,558163,62,https://i.scdn.co/image/ab6761610000e5ebd329602f4f3465217b054140,https://open.spotify.com/artist/001Ju8fxqMbobN0xjX7XPL,album,7,2015-02-02,day,57DOeFHAo1wytuwH5YTswO,Pichkari Ke Rang,https://p.scdn.co/mp3-preview/d31ba9ddabbb23a943a149c1631ceae379762571?cid=05e2ff0a21954615b11878a9eb038e7f,0.644,0.99,10,-5.479,1,0.116,0.115,0.0,0.301,0.856,160.074,4
00AFbqxvdDK6T1D6MQZ9c1,GLAY,3CbMgewyUxXD1J2dH19QXB,rare collectives vol.2,classic j-pop,590825,56,https://i.scdn.co/image/ab6761610000e5ebc200887e058b56ca63e60ead,https://open.spotify.com/artist/00AFbqxvdDK6T1D6MQZ9c1,album,22,2003-02-05,day,5FhKCY0pF6omowCYUljUmO,Surf Rider,https://p.scdn.co/mp3-preview/25bf73afc3cd0b47e12a073c062e6d9047cd9e08?cid=d636b62692f94f7ab8495b4d490e26cc,0.346,0.962,6,-4.073,0,0.194,1.74E-4,0.0,0.493,0.339,169.807,4
00AFbqxvdDK6T1D6MQZ9c1,GLAY,3CbMgewyUxXD1J2dH19QXB,rare collectives vol.2,j-pop,590825,56,https://i.scdn.co/image/ab6761610000e5ebc200887e058b56ca63e60ead,https://open.spotify.com/artist/00AFbqxvdDK6T1D6MQZ9c1,album,22,2003-02-05,day,5FhKCY0pF6omowCYUljUmO,Surf Rider,https://p.scdn.co/mp3-preview/25bf73afc3cd0b47e12a073c062e6d9047cd9e08?cid=d636b62692f94f7ab8495b4d490e26cc,0.346,0.962,6,-4.073,0,0.194,1.74E-4,0.0,0.493,0.339,169.807,4
00AFbqxvdDK6T1D6MQZ9c1,GLAY,1DD11BvoRKXvVj4kG3hfES,MUSIC LIFE 豪華盤 BALLADE BEST☆MELODIES,classic j-pop,590825,56,https://i.scdn.co/image/ab6761610000e5ebc200887e058b56ca63e60ead,https://open.spotify.com/artist/00AFbqxvdDK6T1D6MQZ9c1,album,25,2014-11-05,day,5H5qcsDW7nuwibbb5G7fnY,MUSIC LIFE,https://p.scdn.co/mp3-preview/3a89667cf83615d68114b37cc17159ca0c7d7ca2?cid=d636b62692f94f7ab8495b4d490e26cc,0.401,0.865,11,-3.326,1,0.0628,0.00907,0.0,0.137,0.413,160.11,4
00AFbqxvdDK6T1D6MQZ9c1,GLAY,1DD11BvoRKXvVj4kG3hfES,MUSIC LIFE 豪華盤 BALLADE BEST☆MELODIES,j-pop,590825,56,https://i.scdn.co/image/ab6761610000e5ebc200887e058b56ca63e60ead,https://open.spotify.com/artist/00AFbqxvdDK6T1D6MQZ9c1,album,25,2014-11-05,day,5H5qcsDW7nuwibbb5G7fnY,MUSIC LIFE,https://p.scdn.co/mp3-preview/3a89667cf83615d68114b37cc17159ca0c7d7ca2?cid=d636b62692f94f7ab8495b4d490e26cc,0.401,0.865,11,-3.326,1,0.0628,0.00907,0.0,0.137,0.413,160.11,4
00LY9cN1x8xfhdAa1YJiyw,Gould Piano Trio,60YhXNdGtNqAjdEE1Ro0XW,"Clarke, Ives & Beach: Piano Trios",classical piano trio,941,14,https://i.scdn.co/image/ab6761610000e5eb83d3efb7cdc5d9335c7d9503,https://open.spotify.com/artist/00LY9cN1x8xfhdAa1YJiyw,album,9,2020-10-30,day,5LZQ66lSN0YDmhdqkgozSf,"Piano Trio in A Minor, Op. 150: I. Allegro",https://p.scdn.co/mp3-preview/e5550ac8b6480a6ed296b3b7bd64f7c8d3a79463?cid=d636b62692f94f7ab8495b4d490e26cc,0.211,0.139,9,-19.192,1,0.0429,0.978,0.558,0.0819,0.0362,116.481,4
00FQb4jTyendYWaN8pK0wa,Lana Del Rey,7xYiTrbTL57QO0bb4hXIKo,Lust For Life,art pop,40266213,92,https://i.scdn.co/image/ab6761610000e5ebb99cacf8acd5378206767261,https://open.spotify.com/artist/00FQb4jTyendYWaN8pK0wa,album,16,2017-07-21,day,5QqyRUZeBE04yJxsD1OC0I,Summer Bummer (feat. A$AP Rocky & Playboi Carti),,0.76,0.574,1,-8.57,1,0.126,0.0155,2.02E-5,0.199,0.137,134.981,4
00FQb4jTyendYWaN8pK0wa,Lana Del Rey,7xYiTrbTL57QO0bb4hXIKo,Lust For Life,pop,40266213,92,https://i.scdn.co/image/ab6761610000e5ebb99cacf8acd5378206767261,https://open.spotify.com/artist/00FQb4jTyendYWaN8pK0wa,album,16,2017-07-21,day,5QqyRUZeBE04yJxsD1OC0I,Summer Bummer (feat. A$AP Rocky & Playboi Carti),,0.76,0.574,1,-8.57,1,0.126,0.0155,2.02E-5,0.199,0.137,134.981,4
001Ju8fxqMbobN0xjX7XPL,Samar Singh,6swPR1YF8FJSljZahxMUdT,Holi Me Ak Pk,bhojpuri pop,558163,62,https://i.scdn.co/image/ab6761610000e5ebd329602f4f3465217b054140,https://open.spotify.com/artist/001Ju8fxqMbobN0xjX7XPL,album,9,2015-01-03,day,5cxPVDoMGZLgdYLCeU59dH,Ratiya Kaha Bitawla,https://p.scdn.co/mp3-preview/09adcfc5d89583efbb1813800627b346c5792627?cid=05e2ff0a21954615b11878a9eb038e7f,0.687,0.957,0,-3.854,0,0.115,0.211,0.0,0.358,0.949,143.992,4
00AFbqxvdDK6T1D6MQZ9c1,GLAY,3h6ncijGgNhk2uUtdNL64I,SUMMERDELICS,classic j-pop,590825,56,https://i.scdn.co/image/ab6761610000e5ebc200887e058b56ca63e60ead,https://open.spotify.com/artist/00AFbqxvdDK6T1D6MQZ9c1,album,14,2017-07-12,day,64SGjwSlVV853lmZAWEX52,XYZ,https://p.scdn.co/mp3-preview/790f949693af5c5cf681a685116881c209aaab0f?cid=d636b62692f94f7ab8495b4d490e26cc,0.272,0.947,3,-2.332,1,0.0619,2.44E-4,0.0,0.0955,0.527,189.042,4
00AFbqxvdDK6T1D6MQZ9c1,GLAY,3h6ncijGgNhk2uUtdNL64I,SUMMERDELICS,j-pop,590825,56,https://i.scdn.co/image/ab6761610000e5ebc200887e058b56ca63e60ead,https://open.spotify.com/artist/00AFbqxvdDK6T1D6MQZ9c1,album,14,2017-07-12,day,64SGjwSlVV853lmZAWEX52,XYZ,https://p.scdn.co/mp3-preview/790f949693af5c5cf681a685116881c209aaab0f?cid=d636b62692f94f7ab8495b4d490e26cc,0.272,0.947,3,-2.332,1,0.0619,2.44E-4,0.0,0.0955,0.527,189.042,4
00AFbqxvdDK6T1D6MQZ9c1,GLAY,2CnejDvjKxfR0ejJvmxXlL,MUSIC LIFE,classic j-pop,590825,56,https://i.scdn.co/image/ab6761610000e5ebc200887e058b56ca63e60ead,https://open.spotify.com/artist/00AFbqxvdDK6T1D6MQZ9c1,album,11,2014-11-05,day,6EgjDtxMcjirQnFGv4LntF,MUSIC LIFE,https://p.scdn.co/mp3-preview/3a89667cf83615d68114b37cc17159ca0c7d7ca2?cid=d636b62692f94f7ab8495b4d490e26cc,0.401,0.865,11,-3.326,1,0.0628,0.00907,0.0,0.137,0.413,160.11,4
00AFbqxvdDK6T1D6MQZ9c1,GLAY,2CnejDvjKxfR0ejJvmxXlL,MUSIC LIFE,j-pop,590825,56,https://i.scdn.co/image/ab6761610000e5ebc200887e058b56ca63e60ead,https://open.spotify.com/artist/00AFbqxvdDK6T1D6MQZ9c1,album,11,2014-11-05,day,6EgjDtxMcjirQnFGv4LntF,MUSIC LIFE,https://p.scdn.co/mp3-preview/3a89667cf83615d68114b37cc17159ca0c7d7ca2?cid=d636b62692f94f7ab8495b4d490e26cc,0.401,0.865,11,-3.326,1,0.0628,0.00907,0.0,0.137,0.413,160.11,4
00AFbqxvdDK6T1D6MQZ9c1,GLAY,2xxavDwdNZwRTxuZkrx644,HEAVY GAUGE,classic j-pop,590825,56,https://i.scdn.co/image/ab6761610000e5ebc200887e058b56ca63e60ead,https://open.spotify.com/artist/00AFbqxvdDK6T1D6MQZ9c1,album,12,1999-10-20,day,6GfTb0WF36GqCuKv7k1eD0,生きがい,https://p.scdn.co/mp3-preview/fa156a6b9b708c02d83eded2f608bb5e2967372b?cid=d636b62692f94f7ab8495b4d490e26cc,0.268,0.895,0,-3.991,1,0.0492,0.0648,9.35E-6,0.337,0.46,144.008,4
00AFbqxvdDK6T1D6MQZ9c1,GLAY,2xxavDwdNZwRTxuZkrx644,HEAVY GAUGE,j-pop,590825,56,https://i.scdn.co/image/ab6761610000e5ebc200887e058b56ca63e60ead,https://open.spotify.com/artist/00AFbqxvdDK6T1D6MQZ9c1,album,12,1999-10-20,day,6GfTb0WF36GqCuKv7k1eD0,生きがい,https://p.scdn.co/mp3-preview/fa156a6b9b708c02d83eded2f608bb5e2967372b?cid=d636b62692f94f7ab8495b4d490e26cc,0.268,0.895,0,-3.991,1,0.0492,0.0648,9.35E-6,0.337,0.46,144.008,4
001Ju8fxqMbobN0xjX7XPL,Samar Singh,4Dwe1BxqygS8m6Aic8FLju,Holi No 01,bhojpuri pop,558163,62,https://i.scdn.co/image/ab6761610000e5ebd329602f4f3465217b054140,https://open.spotify.com/artist/001Ju8fxqMbobN0xjX7XPL,album,7,2015-02-02,day,6egI9mZyIRPkRKk6Xftf3d,Dale Da Rangwa,https://p.scdn.co/mp3-preview/1211e4be37a4726dc311d59940046970700bca63?cid=05e2ff0a21954615b11878a9eb038e7f,0.654,0.907,6,-6.807,1,0.0544,0.757,3.63E-5,0.363,0.963,158.019,4
00AFbqxvdDK6T1D6MQZ9c1,GLAY,1DD11BvoRKXvVj4kG3hfES,MUSIC LIFE 豪華盤 BALLADE BEST☆MELODIES,classic j-pop,590825,56,https://i.scdn.co/image/ab6761610000e5ebc200887e058b56ca63e60ead,https://open.spotify.com/artist/00AFbqxvdDK6T1D6MQZ9c1,album,25,2014-11-05,day,6pjJb7VRYz1r3QK8fh5zMt,つづれ織り~so far and yet so close~,https://p.scdn.co/mp3-preview/e1b43a117567f452fd22e7688d6c5b276ed12fbc?cid=d636b62692f94f7ab8495b4d490e26cc,0.199,0.633,4,-5.843,1,0.0408,0.0551,0.0,0.233,0.369,202.453,4
00AFbqxvdDK6T1D6MQZ9c1,GLAY,1DD11BvoRKXvVj4kG3hfES,MUSIC LIFE 豪華盤 BALLADE BEST☆MELODIES,j-pop,590825,56,https://i.scdn.co/image/ab6761610000e5ebc200887e058b56ca63e60ead,https://open.spotify.com/artist/00AFbqxvdDK6T1D6MQZ9c1,album,25,2014-11-05,day,6pjJb7VRYz1r3QK8fh5zMt,つづれ織り~so far and yet so close~,https://p.scdn.co/mp3-preview/e1b43a117567f452fd22e7688d6c5b276ed12fbc?cid=d636b62692f94f7ab8495b4d490e26cc,0.199,0.633,4,-5.843,1,0.0408,0.0551,0.0,0.233,0.369,202.453,4
00CEIWvwRzWGVahslNZW0Z,Hernan Sepulveda,3E4pCWEDQKHYvw90wCJzEK,A Mi Estilo,,7963,57,https://i.scdn.co/image/ab6761610000e5eba0d873203001d23111551140,https://open.spotify.com/artist/00CEIWvwRzWGVahslNZW0Z,album,13,2023-12-08,day,6wB6IcqVNpMtZL03sEacCN,Diamante Negro,https://p.scdn.co/mp3-preview/516142970358b7b5c48c951315f9e1ea9b44c215?cid=05e2ff0a21954615b11878a9eb038e7f,0.646,0.472,8,-4.57,1,0.0531,0.421,0.0,0.203,0.872,123.604,4
00PLVqZ4oaOmbI4lacLUBO,Stiftelsen,2onlPQBUlUP3eUExmNaWBf,Moder Jord,classic swedish pop,237999,53,https://i.scdn.co/image/ab6761610000e5eb9fd5de5ba2ae6769e75dc318,https://open.spotify.com/artist/00PLVqZ4oaOmbI4lacLUBO,album,10,2020-08-28,day,7ErfFzsyUha0vAKr8tJkQq,Ditt andra jag,,0.588,0.701,7,-5.451,1,0.0277,0.00452,0.0,0.113,0.367,123.005,4
00AFbqxvdDK6T1D6MQZ9c1,GLAY,3h6ncijGgNhk2uUtdNL64I,SUMMERDELICS,classic j-pop,590825,56,https://i.scdn.co/image/ab6761610000e5ebc200887e058b56ca63e60ead,https://open.spotify.com/artist/00AFbqxvdDK6T1D6MQZ9c1,album,14,2017-07-12,day,7Hkuq6GFJZw0GXlmzvRMm1,ロングラン,https://p.scdn.co/mp3-preview/18242d7872cd144c03d2c54b198353be1f7e6afb?cid=d636b62692f94f7ab8495b4d490e26cc,0.349,0.962,0,-3.044,1,0.103,3.0E-4,0.0,0.206,0.365,156.082,4
00AFbqxvdDK6T1D6MQZ9c1,GLAY,3h6ncijGgNhk2uUtdNL64I,SUMMERDELICS,j-pop,590825,56,https://i.scdn.co/image/ab6761610000e5ebc200887e058b56ca63e60ead,https://open.spotify.com/artist/00AFbqxvdDK6T1D6MQZ9c1,album,14,2017-07-12,day,7Hkuq6GFJZw0GXlmzvRMm1,ロングラン,https://p.scdn.co/mp3-preview/18242d7872cd144c03d2c54b198353be1f7e6afb?cid=d636b62692f94f7ab8495b4d490e26cc,0.349,0.962,0,-3.044,1,0.103,3.0E-4,0.0,0.206,0.365,156.082,4
00CEIWvwRzWGVahslNZW0Z,Hernan Sepulveda,3E4pCWEDQKHYvw90wCJzEK,A Mi Estilo,,7963,57,https://i.scdn.co/image/ab6761610000e5eba0d873203001d23111551140,https://open.spotify.com/artist/00CEIWvwRzWGVahslNZW0Z,album,13,2023-12-08,day,7Jwx0zjZ2Wfn5l1iLGBd8k,Nadie,https://p.scdn.co/mp3-preview/ad5e094868b6a76ea58b3735bcc0aadc24ee6702?cid=05e2ff0a21954615b11878a9eb038e7f,0.677,0.406,3,-4.744,1,0.0478,0.356,1.69E-5,0.137,0.627,72.616,3
00AFbqxvdDK6T1D6MQZ9c1,GLAY,238tuovaQf3rD9GvNVmZPD,G4・2020,classic j-pop,590825,56,https://i.scdn.co/image/ab6761610000e5ebc200887e058b56ca63e60ead,https://open.spotify.com/artist/00AFbqxvdDK6T1D6MQZ9c1,album,7,2020-08-12,day,7vcNoAtsrs5UenNl1ur1fQ,Into the Wild - BUNNY Remix,https://p.scdn.co/mp3-preview/460e4a05efdb4bb6a3b3d03377c6f5db9546976f?cid=d636b62692f94f7ab8495b4d490e26cc,0.449,0.846,0,-4.391,1,0.0419,0.0168,1.21E-5,0.647,0.202,139.998,4
00AFbqxvdDK6T1D6MQZ9c1,GLAY,238tuovaQf3rD9GvNVmZPD,G4・2020,j-pop,590825,56,https://i.scdn.co/image/ab6761610000e5ebc200887e058b56ca63e60ead,https://open.spotify.com/artist/00AFbqxvdDK6T1D6MQZ9c1,album,7,2020-08-12,day,7vcNoAtsrs5UenNl1ur1fQ,Into the Wild - BUNNY Remix,https://p.scdn.co/mp3-preview/460e4a05efdb4bb6a3b3d03377c6f5db9546976f?cid=d636b62692f94f7ab8495b4d490e26cc,0.449,0.846,0,-4.391,1,0.0419,0.0168,1.21E-5,0.647,0.202,139.998,4
00AFbqxvdDK6T1D6MQZ9c1,GLAY,3CbMgewyUxXD1J2dH19QXB,rare collectives vol.2,classic j-pop,590825,56,https://i.scdn.co/image/ab6761610000e5ebc200887e058b56ca63e60ead,https://open.spotify.com/artist/00AFbqxvdDK6T1D6MQZ9c1,album,22,2003-02-05,day,7ylwwTlbwj2Q40FQ0fQVzK,BROTHEL CREEPERS,https://p.scdn.co/mp3-preview/e9e7a7d20b55ef8b3af03228b4f5d05d9aaa4da7?cid=d636b62692f94f7ab8495b4d490e26cc,0.221,0.982,2,-3.671,1,0.168,0.00137,0.0,0.136,0.224,184.868,4
00AFbqxvdDK6T1D6MQZ9c1,GLAY,3CbMgewyUxXD1J2dH19QXB,rare collectives vol.2,j-pop,590825,56,https://i.scdn.co/image/ab6761610000e5ebc200887e058b56ca63e60ead,https://open.spotify.com/artist/00AFbqxvdDK6T1D6MQZ9c1,album,22,2003-02-05,day,7ylwwTlbwj2Q40FQ0fQVzK,BROTHEL CREEPERS,https://p.scdn.co/mp3-preview/e9e7a7d20b55ef8b3af03228b4f5d05d9aaa4da7?cid=d636b62692f94f7ab8495b4d490e26cc,0.221,0.982,2,-3.671,1,0.168,0.00137,0.0,0.136,0.224,184.868,4
